,City Name,Facility gym,Latitude,Longitude,Rating,Site Name,Total Count
0,Northern Virginia Area,Gold's Gym,38.96,-77.42,2.7,Center for Innovation Technology,3
1,Northern Virginia Area,UFC Gym Reston/Herndon,38.96,-77.42,5,Center for Innovation Technology,3
2,Northern Virginia Area,Worldgate Sport&Health,38.96,-77.42,4,Center for Innovation Technology,3
3,Northern Virginia Area,Gold's Gym,38.84,-77.05,3.4,Crystal City and Potomac Yard,8
4,Northern Virginia Area,LA Fitness,38.84,-77.05,3.1,Crystal City and Potomac Yard,8
5,Northern Virginia Area,Orangetheory Fitness,38.84,-77.05,5,Crystal City and Potomac Yard,8
6,Northern Virginia Area,Earth Treks,38.84,-77.05,4.8,Crystal City and Potomac Yard,8
7,Northern Virginia Area,Foundation Fitness of Alexandria,38.84,-77.05,5,Crystal City and Potomac Yard,8
8,Northern Virginia Area,Crystal Park Sport&Health,38.84,-77.05,4.7,Crystal City and Potomac Yard,8
9,Northern Virginia Area,CrossFit South Arlington,38.84,-77.05,4.6,Crystal City and Potomac Yard,8
10,Northern Virginia Area,F45 Training - Pentagon Row,38.84,-77.05,4.9,Crystal City and Potomac Yard,8
11,Washington DC,Headbangers Boxing Gym,38.86,-77.01,4.8,Nationals Park/ D.C United Stadium,8
12,Washington DC,VIDA Fitness The Yards,38.86,-77.01,4.4,Nationals Park/ D.C United Stadium,8
13,Washington DC,District CrossFit,38.86,-77.01,5,Nationals Park/ D.C United Stadium,8
14,Washington DC,Orangetheory Fitness,38.86,-77.01,4.5,Nationals Park/ D.C United Stadium,8
15,Washington DC,Fitness Center I,38.86,-77.01,4,Nationals Park/ D.C United Stadium,8
16,Washington DC,Atlas Fitness,38.86,-77.01,4.8,Nationals Park/ D.C United Stadium,8
17,Washington DC,Washington Navy Yard Fitness Center,38.86,-77.01,4.1,Nationals Park/ D.C United Stadium,8
18,Washington DC,Capitol Hill Sport&Health,38.86,-77.01,4.6,Nationals Park/ D.C United Stadium,8
19,Washington DC,Gold's Gym,38.89,-77,4.1,Union Station,19
20,Washington DC,Headbangers Boxing Gym,38.89,-77,4.8,Union Station,19
21,Washington DC,Balance Gym,38.89,-77,4.3,Union Station,19
22,Washington DC,Crunch - Metro Center,38.89,-77,4.4,Union Station,19
23,Washington DC,VIDA Fitness The Yards,38.89,-77,4.4,Union Station,19
24,Washington DC,VIDA Fitness Gallery Place,38.89,-77,4.2,Union Station,19
25,Washington DC,VIDA Fitness Renaissance and Aura Spa,38.89,-77,4.7,Union Station,19
26,Washington DC,District CrossFit,38.89,-77,5,Union Station,19
27,Washington DC,Model Secondary School Gym,38.89,-77,NAN,Union Station,19
28,Washington DC,Orangetheory Fitness,38.89,-77,4.7,Union Station,19
29,Washington DC,CrossFit DC Northeast,38.89,-77,4.9,Union Station,19
30,Washington DC,Orangetheory Fitness,38.89,-77,4.5,Union Station,19
31,Washington DC,Primal Fitness,38.89,-77,4.6,Union Station,19
32,Washington DC,American Parkour,38.89,-77,4.1,Union Station,19
33,Washington DC,VIDA Fitness City Vista,38.89,-77,4,Union Station,19
34,Washington DC,Total Source Fitness,38.89,-77,4.5,Union Station,19
35,Washington DC,NUBOXX,38.89,-77,4.1,Union Station,19
36,Washington DC,Capitol Hill Sport&Health,38.89,-77,4.6,Union Station,19
37,Washington DC,Balance Gym,38.89,-77,4.6,Union Station,19
38,Washington DC,Headbangers Boxing Gym,38.88,-76.97,4.8,Hill-East Neighborhood,4
39,Washington DC,CrossFit DC Northeast,38.88,-76.97,4.9,Hill-East Neighborhood,4
40,Washington DC,Atlas Fitness,38.88,-76.97,4.8,Hill-East Neighborhood,4
41,Washington DC,VIDA Fitness The Yards,38.88,-76.97,4.4,Hill-East Neighborhood,4
42,Washington DC,Bodysmith Gym + Studios,38.91,-77.02,4.4,Shaw-Howard University Area,20
43,Washington DC,Gold's Gym,38.91,-77.02,3.2,Shaw-Howard University Area,20
44,Washington DC,"Equinox Sports Club Washington, D.C.",38.91,-77.02,3.8,Shaw-Howard University Area,20
45,Washington DC,Crunch - Metro Center,38.91,-77.02,4.4,Shaw-Howard University Area,20
46,Washington DC,VIDA Fitness Logan Circle,38.91,-77.02,4.2,Shaw-Howard University Area,20
47,Washington DC,VIDA Fitness Gallery Place,38.91,-77.02,4.2,Shaw-Howard University Area,20
48,Washington DC,Balance Gym,38.91,-77.02,4.6,Shaw-Howard University Area,20
49,Washington DC,VIDA Fitness Renaissance and Aura Spa,38.91,-77.02,4.7,Shaw-Howard University Area,20
50,Washington DC,CrossFit MPH,38.91,-77.02,5,Shaw-Howard University Area,20
51,Washington DC,CrossFit DC,38.91,-77.02,4.8,Shaw-Howard University Area,20
52,Washington DC,"CrossFit, Inc",38.91,-77.02,NAN,Shaw-Howard University Area,20
53,Washington DC,LA Fitness,38.91,-77.02,2.8,Shaw-Howard University Area,20
54,Washington DC,Model Secondary School Gym,38.91,-77.02,NAN,Shaw-Howard University Area,20
55,Washington DC,Orangetheory Fitness,38.91,-77.02,4.7,Shaw-Howard University Area,20
56,Washington DC,Primal Fitness,38.91,-77.02,4.6,Shaw-Howard University Area,20
57,Washington DC,American Parkour,38.91,-77.02,4.1,Shaw-Howard University Area,20
58,Washington DC,VIDA Fitness City Vista,38.91,-77.02,4,Shaw-Howard University Area,20
59,Washington DC,Total Source Fitness,38.91,-77.02,4.5,Shaw-Howard University Area,20
60,Washington DC,From the Core Studios,38.91,-77.02,4.7,Shaw-Howard University Area,20
61,Washington DC,MINT health club & studio- Dupont,38.91,-77.02,4.7,Shaw-Howard University Area,20
62,Los Angeles,24 Hour Fitness,34.1802,-118.6028,3.6,Warner Center West San Fernando Valley,13
63,Los Angeles,My Gym,34.1802,-118.6028,5,Warner Center West San Fernando Valley,13
64,Los Angeles,Total Woman Gym + Spa,34.1802,-118.6028,3.2,Warner Center West San Fernando Valley,13
65,Los Angeles,Equinox Woodland Hills,34.1802,-118.6028,4.4,Warner Center West San Fernando Valley,13
66,Los Angeles,We Rock the Spectrum Kid's Gym - Woodland Hills,34.1802,-118.6028,5,Warner Center West San Fernando Valley,13
67,Los Angeles,Team CrossFit - LYFE Athletics Woodland Hills,34.1802,-118.6028,4.9,Warner Center West San Fernando Valley,13
68,Los Angeles,LA Fitness,34.1802,-118.6028,3.6,Warner Center West San Fernando Valley,13
69,Los Angeles,North Gym - 5600,34.1802,-118.6028,4,Warner Center West San Fernando Valley,13
70,Los Angeles,Orangetheory Fitness,34.1802,-118.6028,NAN,Warner Center West San Fernando Valley,13
71,Los Angeles,Woodland Hills Athletic Club,34.1802,-118.6028,4.3,Warner Center West San Fernando Valley,13
72,Los Angeles,South Gym - 5400,34.1802,-118.6028,4,Warner Center West San Fernando Valley,13
73,Los Angeles,ZOO CULTURE,34.1802,-118.6028,4.7,Warner Center West San Fernando Valley,13
74,Los Angeles,Group Interval Training,34.1802,-118.6028,5,Warner Center West San Fernando Valley,13
75,Los Angeles,My Gym Children's Fitness Center,34.4318,-118.5584,4.5,New Hall Ranch Santa Clarita Valley,13
76,Los Angeles,Gold's Gym,34.4318,-118.5584,2.8,New Hall Ranch Santa Clarita Valley,13
77,Los Angeles,Rye Canyon CrossFit,34.4318,-118.5584,4.8,New Hall Ranch Santa Clarita Valley,13
78,Los Angeles,Ekata Training Center - Gym Santa Clarita,34.4318,-118.5584,4.4,New Hall Ranch Santa Clarita Valley,13
79,Los Angeles,Gymnastics Unlimited,34.4318,-118.5584,4.2,New Hall Ranch Santa Clarita Valley,13
80,Los Angeles,LA Fitness,34.4318,-118.5584,4,New Hall Ranch Santa Clarita Valley,13
81,Los Angeles,Total Woman,34.4318,-118.5584,3.4,New Hall Ranch Santa Clarita Valley,13
82,Los Angeles,Henry Mayo Fitness and Health,34.4318,-118.5584,4.7,New Hall Ranch Santa Clarita Valley,13
83,Los Angeles,Ignition Fitness,34.4318,-118.5584,5,New Hall Ranch Santa Clarita Valley,13
84,Los Angeles,Face Your Fears Athletics,34.4318,-118.5584,4.2,New Hall Ranch Santa Clarita Valley,13
85,Los Angeles,Anytime Fitness,34.4318,-118.5584,4.6,New Hall Ranch Santa Clarita Valley,13
86,Los Angeles,Jordan's Virtual Fit Club,34.4318,-118.5584,4.2,New Hall Ranch Santa Clarita Valley,13
87,Los Angeles,SCV All-Stars,34.4318,-118.5584,5,New Hall Ranch Santa Clarita Valley,13
88,Los Angeles,Arrow CrossFit,34.0885,-117.7702,4,Pomona Fairplex,3
89,Los Angeles,Ace of Spades Boxing Club,34.0885,-117.7702,4,Pomona Fairplex,3
90,Los Angeles,My Gym Children's Fitness Center,34.0885,-117.7702,5,Pomona Fairplex,3
91,Boston,Planet Fitness,42.39,-71,4.3,Suffolk Downs,5
92,Boston,Planet Fitness,42.39,-71,4.1,Suffolk Downs,5
93,Boston,Planet Fitness,42.39,-71,3.2,Suffolk Downs,5
94,Boston,Winthrop Gymnastics Academy,42.39,-71,4.6,Suffolk Downs,5
95,Boston,RPM Fitness,42.39,-71,4.7,Suffolk Downs,5
96,Boston,UFC Gym Boston Financial District,42.34,-71.03,4.2,South Boston Waterfront,14
97,Boston,Peter Welch's Gym,42.34,-71.03,4.9,South Boston Waterfront,14
98,Boston,Gold's Gym,42.34,-71.03,2.1,South Boston Waterfront,14
99,Boston,Equinox Franklin Street,42.34,-71.03,3.8,South Boston Waterfront,14
100,Boston,Equinox Seaport,42.34,-71.03,4.5,South Boston Waterfront,14
101,Boston,Rock Spot Climbing,42.34,-71.03,4.6,South Boston Waterfront,14
102,Boston,BRICK CrossFit DTX / BRICK Boston,42.34,-71.03,5,South Boston Waterfront,14
103,Boston,Lifted Fitness,42.34,-71.03,5,South Boston Waterfront,14
104,Boston,Fisique Boston,42.34,-71.03,4.4,South Boston Waterfront,14
105,Boston,FitCorp - Boston's Fitness and Wellness Centers,42.34,-71.03,NAN,South Boston Waterfront,14
106,Boston,Planet Fitness,42.34,-71.03,4.1,South Boston Waterfront,14
107,Boston,EverybodyFights,42.34,-71.03,5,South Boston Waterfront,14
108,Boston,EverybodyFights,42.34,-71.03,5,South Boston Waterfront,14
109,Boston,Regan's Motivated Fitness,42.34,-71.03,4.6,South Boston Waterfront,14
110,Boston,Planet Fitness,42.35,-71.05,4.1,Downtown,20
111,Boston,Peter Welch's Gym,42.35,-71.05,4.9,Downtown,20
112,Boston,UFC Gym Boston Financial District,42.35,-71.05,4.2,Downtown,20
113,Boston,Gold's Gym,42.35,-71.05,2.1,Downtown,20
114,Boston,Equinox Sports Club Boston,42.35,-71.05,3.9,Downtown,20
115,Boston,Equinox Dartmouth,42.35,-71.05,3.9,Downtown,20
116,Boston,Equinox Franklin Street,42.35,-71.05,3.8,Downtown,20
117,Boston,Equinox Seaport,42.35,-71.05,4.5,Downtown,20
118,Boston,Kendall Square CrossFit - Kendall Square,42.35,-71.05,5,Downtown,20
119,Boston,Rock Spot Climbing,42.35,-71.05,4.6,Downtown,20
120,Boston,BRICK CrossFit DTX / BRICK Boston,42.35,-71.05,5,Downtown,20
121,Boston,Orangetheory Fitness,42.35,-71.05,4.7,Downtown,20
122,Boston,South End Fitness Center,42.35,-71.05,4,Downtown,20
123,Boston,Lifted Fitness,42.35,-71.05,5,Downtown,20
124,Boston,Fisique Boston,42.35,-71.05,4.4,Downtown,20
125,Boston,ZONE5 Fitness,42.35,-71.05,3.9,Downtown,20
126,Boston,FitCorp - Boston's Fitness and Wellness Centers,42.35,-71.05,NAN,Downtown,20
127,Boston,Orangetheory Fitness,42.35,-71.05,4.9,Downtown,20
128,Boston,EverybodyFights,42.35,-71.05,5,Downtown,20
129,Boston,Sweat Box-Boxing Hip Hop Martial Arts for Women,42.35,-71.05,4.8,Downtown,20
130,Boston,Planet Fitness,42.34,-71.06,4.1,South End,20
131,Boston,Peter Welch's Gym,42.34,-71.06,4.9,South End,20
132,Boston,UFC Gym Boston Financial District,42.34,-71.06,4.2,South End,20
133,Boston,Gold's Gym,42.34,-71.06,2.1,South End,20
134,Boston,Equinox Sports Club Boston,42.34,-71.06,3.9,South End,20
135,Boston,Equinox Dartmouth,42.34,-71.06,3.9,South End,20
136,Boston,Equinox Franklin Street,42.34,-71.06,3.8,South End,20
137,Boston,Equinox Seaport,42.34,-71.06,4.5,South End,20
138,Boston,"Back Bay Boxing Gym and Fitness, Boston",42.34,-71.06,5,South End,20
139,Boston,Rock Spot Climbing,42.34,-71.06,4.6,South End,20
140,Boston,BRICK CrossFit DTX / BRICK Boston,42.34,-71.06,5,South End,20
141,Boston,Title Boxing Club Newbury Street,42.34,-71.06,4.7,South End,20
142,Boston,Orangetheory Fitness,42.34,-71.06,4.7,South End,20
143,Boston,South End Fitness Center,42.34,-71.06,4,South End,20
144,Boston,Republic Fitness,42.34,-71.06,4.7,South End,20
145,Boston,Fisique Boston,42.34,-71.06,4.4,South End,20
146,Boston,ZONE5 Fitness,42.34,-71.06,3.9,South End,20
147,Boston,MIT Recreation - Alumni Pool and Wang Fitness Center,42.34,-71.06,4.4,South End,20
148,Boston,FitCorp - Boston's Fitness and Wellness Centers,42.34,-71.06,NAN,South End,20
149,Boston,BodyScapes Fitness Kendall Square,42.34,-71.06,4.5,South End,20
150,New York,24 Hour Fitness,40.75,-74,3.6,Hudson Yards,20
151,New York,24 Hour Fitness,40.75,-74,3.4,Hudson Yards,20
152,New York,Planet Fitness,40.75,-74,3.9,Hudson Yards,20
153,New York,Planet Fitness,40.75,-74,3.9,Hudson Yards,20
154,New York,Planet Fitness,40.75,-74,3.9,Hudson Yards,20
155,New York,Planet Fitness,40.75,-74,3.9,Hudson Yards,20
156,New York,Planet Fitness,40.75,-74,4.1,Hudson Yards,20
157,New York,Crunch - Bowery,40.75,-74,4.1,Hudson Yards,20
158,New York,UFC Gym,40.75,-74,4.6,Hudson Yards,20
159,New York,My Gym Lincoln Center,40.75,-74,4,Hudson Yards,20
160,New York,Gotham Gym,40.75,-74,4.4,Hudson Yards,20
161,New York,Ultimate Gym NYC,40.75,-74,4.3,Hudson Yards,20
162,New York,Equinox Rockefeller Center,40.75,-74,3.8,Hudson Yards,20
163,New York,Equinox Columbus Circle,40.75,-74,3.4,Hudson Yards,20
164,New York,Equinox Park Avenue,40.75,-74,3.9,Hudson Yards,20
165,New York,Equinox,40.75,-74,3.9,Hudson Yards,20
166,New York,Equinox Highline,40.75,-74,3.9,Hudson Yards,20
167,New York,19th Street Gym,40.75,-74,4.7,Hudson Yards,20
168,New York,Life Time Athletic at Sky,40.75,-74,3.4,Hudson Yards,20
169,New York,Fitness Classes - Gym Studio - Belleon NYC,40.75,-74,5,Hudson Yards,20
170,New York,24 Hour Fitness,40.74,-73.94,3.4,Long Island City,20
171,New York,UFC Gym,40.74,-73.94,3,Long Island City,20
172,New York,My Gym Upper East 60th,40.74,-73.94,3.8,Long Island City,20
173,New York,Chalk Gyms,40.74,-73.94,4.2,Long Island City,20
174,New York,Lift Gym Inc,40.74,-73.94,4.3,Long Island City,20
175,New York,Equinox East 54th Street,40.74,-73.94,2.8,Long Island City,20
176,New York,Complete Body & Spa,40.74,-73.94,3.9,Long Island City,20
177,New York,Bell Fitness | CrossFit Bell,40.74,-73.94,5,Long Island City,20
178,New York,Retro Fitness,40.74,-73.94,3.9,Long Island City,20
179,New York,Orangetheory Fitness,40.74,-73.94,5,Long Island City,20
180,New York,301 East 57th Street Gym LLC,40.74,-73.94,NAN,Long Island City,20
181,New York,CrossFit Gantry,40.74,-73.94,4.9,Long Island City,20
182,New York,CrossFit Outbreak East Williamsburg,40.74,-73.94,5,Long Island City,20
183,New York,Phyzique,40.74,-73.94,4.7,Long Island City,20
184,New York,Crunch - 59th Street,40.74,-73.94,4.2,Long Island City,20
185,New York,Planet Fitness,40.74,-73.94,3.7,Long Island City,20
186,New York,Equinox Williamsburg,40.74,-73.94,3.9,Long Island City,20
187,New York,Blink Fitness Woodside,40.74,-73.94,3.5,Long Island City,20
188,New York,Greenpoint Gymnastics,40.74,-73.94,3.8,Long Island City,20
189,New York,Trooper Fitness,40.74,-73.94,5,Long Island City,20
190,New York,Planet Fitness,40.7,-73.98,4.2,Brooklyn Tech Triangle,20
191,New York,Planet Fitness,40.7,-73.98,3.8,Brooklyn Tech Triangle,20
192,New York,Planet Fitness,40.7,-73.98,4.1,Brooklyn Tech Triangle,20
193,New York,Planet Fitness,40.7,-73.98,3.9,Brooklyn Tech Triangle,20
194,New York,The Little Gym,40.7,-73.98,4.2,Brooklyn Tech Triangle,20
195,New York,Little Gym of Brooklyn Heights,40.7,-73.98,4.2,Brooklyn Tech Triangle,20
196,New York,Gleason's Gym,40.7,-73.98,4.5,Brooklyn Tech Triangle,20
197,New York,UFC Gym NYC SoHo,40.7,-73.98,4,Brooklyn Tech Triangle,20
198,New York,Chalk Gyms,40.7,-73.98,4.2,Brooklyn Tech Triangle,20
199,New York,GYM NYC,40.7,-73.98,4.7,Brooklyn Tech Triangle,20
200,New York,Body Elite Gym,40.7,-73.98,4.7,Brooklyn Tech Triangle,20
201,New York,Global Strongman Gym,40.7,-73.98,5,Brooklyn Tech Triangle,20
202,New York,Equinox Dumbo,40.7,-73.98,4.3,Brooklyn Tech Triangle,20
203,New York,Equinox Brooklyn Heights,40.7,-73.98,3.8,Brooklyn Tech Triangle,20
204,New York,Equinox Williamsburg,40.7,-73.98,3.9,Brooklyn Tech Triangle,20
205,New York,Blink Fitness FiDi,40.7,-73.98,3.9,Brooklyn Tech Triangle,20
206,New York,Equinox Wall Street,40.7,-73.98,4.1,Brooklyn Tech Triangle,20
207,New York,GREYS GYM,40.7,-73.98,5,Brooklyn Tech Triangle,20
208,New York,"Complete Body Fitness, Physical Therapy, Juice Bar",40.7,-73.98,4.5,Brooklyn Tech Triangle,20
209,New York,Oculus CrossFit,40.7,-73.98,5,Brooklyn Tech Triangle,20
210,New York,Planet Fitness,40.7,-74.01,4.2,Financial District,20
211,New York,Planet Fitness,40.7,-74.01,4.1,Financial District,20
212,New York,Planet Fitness,40.7,-74.01,4,Financial District,20
213,New York,Planet Fitness,40.7,-74.01,3.9,Financial District,20
214,New York,The Little Gym,40.7,-74.01,4.2,Financial District,20
215,New York,Little Gym of Brooklyn Heights,40.7,-74.01,4.2,Financial District,20
216,New York,Gleason's Gym,40.7,-74.01,4.5,Financial District,20
217,New York,UFC Gym NYC SoHo,40.7,-74.01,4,Financial District,20
218,New York,GYM NYC,40.7,-74.01,4.7,Financial District,20
219,New York,Body Elite Gym,40.7,-74.01,4.7,Financial District,20
220,New York,Equinox Wall Street,40.7,-74.01,4.1,Financial District,20
221,New York,Equinox Dumbo,40.7,-74.01,4.3,Financial District,20
222,New York,Equinox Brooklyn Heights,40.7,-74.01,3.8,Financial District,20
223,New York,Equinox Brookfield Place,40.7,-74.01,4.4,Financial District,20
224,New York,Equinox Tribeca,40.7,-74.01,3.8,Financial District,20
225,New York,Blink Fitness FiDi,40.7,-74.01,3.9,Financial District,20
226,New York,"Complete Body Fitness, Physical Therapy, Juice Bar",40.7,-74.01,4.5,Financial District,20
227,New York,Oculus CrossFit,40.7,-74.01,5,Financial District,20
228,New York,Park Slope CrossFit,40.7,-74.01,4.8,Financial District,20
229,New York,Mac Gym,40.7,-74.01,4,Financial District,20
230,Chicago,Planet Fitness,41.91,-87.64,4.1,Lincoln Yards,20
231,Chicago,UFC Gym River North,41.91,-87.64,4.8,Lincoln Yards,20
232,Chicago,River North Gym at the MART,41.91,-87.64,4.7,Lincoln Yards,20
233,Chicago,Equinox Lincoln Park,41.91,-87.64,3.9,Lincoln Yards,20
234,Chicago,Equinox Gold Coast,41.91,-87.64,4.4,Lincoln Yards,20
235,Chicago,Lakeshore Sport & Fitness Lincoln Park,41.91,-87.64,3.8,Lincoln Yards,20
236,Chicago,Wells Street CrossFit,41.91,-87.64,5,Lincoln Yards,20
237,Chicago,Solheim Gym,41.91,-87.64,NAN,Lincoln Yards,20
238,Chicago,Orangetheory Fitness,41.91,-87.64,4.5,Lincoln Yards,20
239,Chicago,CrossFit CE,41.91,-87.64,5,Lincoln Yards,20
240,Chicago,Symmetry Chicago,41.91,-87.64,5,Lincoln Yards,20
241,Chicago,Wicker Park Athletic Club,41.91,-87.64,3.9,Lincoln Yards,20
242,Chicago,Lincoln Park Athletic Club,41.91,-87.64,4.5,Lincoln Yards,20
243,Chicago,Lincoln Park Fitness Center,41.91,-87.64,4.7,Lincoln Yards,20
244,Chicago,ENRGi Fitness,41.91,-87.64,4.8,Lincoln Yards,20
245,Chicago,HiFi Personal Fitness,41.91,-87.64,4.8,Lincoln Yards,20
246,Chicago,Hustle Fitness™,41.91,-87.64,5,Lincoln Yards,20
247,Chicago,River North CrossFit,41.91,-87.64,4.8,Lincoln Yards,20
248,Chicago,Atlas Performance and CrossFit,41.91,-87.64,4.7,Lincoln Yards,20
249,Chicago,LA Fitness,41.91,-87.64,3.2,Lincoln Yards,20
250,Chicago,Planet Fitness,41.89,-87.64,4.1,The River District,20
251,Chicago,UFC Gym River North,41.89,-87.64,4.8,The River District,20
252,Chicago,River North Gym at the MART,41.89,-87.64,4.7,The River District,20
253,Chicago,POW! Gym Chicago,41.89,-87.64,5,The River District,20
254,Chicago,Coöp Gym,41.89,-87.64,3.8,The River District,20
255,Chicago,FIT RESULTS - South Loop Gym,41.89,-87.64,5,The River District,20
256,Chicago,Equinox The Loop,41.89,-87.64,3.9,The River District,20
257,Chicago,Equinox Gold Coast,41.89,-87.64,4.4,The River District,20
258,Chicago,Lakeshore Sport & Fitness Illinois Center,41.89,-87.64,4.5,The River District,20
259,Chicago,TITLE Boxing Club Chicago West Loop,41.89,-87.64,4.7,The River District,20
260,Chicago,The Foundry - Union Station CrossFit,41.89,-87.64,5,The River District,20
261,Chicago,Wells Street CrossFit,41.89,-87.64,5,The River District,20
262,Chicago,Solheim Gym,41.89,-87.64,NAN,The River District,20
263,Chicago,Orangetheory Fitness,41.89,-87.64,4.5,The River District,20
264,Chicago,FFC Gold Coast,41.89,-87.64,4.2,The River District,20
265,Chicago,South Loop Strength & Conditioning - Home of South Loop CrossFit,41.89,-87.64,4.9,The River District,20
266,Chicago,CrossFit CE,41.89,-87.64,5,The River District,20
267,Chicago,Fitness Formula Clubs Corporate Headquarters,41.89,-87.64,3.7,The River District,20
268,Chicago,Orangetheory Fitness,41.89,-87.64,5,The River District,20
269,Chicago,Symmetry Chicago,41.89,-87.64,5,The River District,20
270,Chicago,Planet Fitness,41.88,-87.65,4.1,Futton Market,20
271,Chicago,UFC Gym River North,41.88,-87.65,4.8,Futton Market,20
272,Chicago,UFC Gym,41.88,-87.65,3.2,Futton Market,20
273,Chicago,River North Gym at the MART,41.88,-87.65,4.7,Futton Market,20
274,Chicago,POW! Gym Chicago,41.88,-87.65,5,Futton Market,20
275,Chicago,Coöp Gym,41.88,-87.65,3.8,Futton Market,20
276,Chicago,Equinox The Loop,41.88,-87.65,3.9,Futton Market,20
277,Chicago,Equinox Gold Coast,41.88,-87.65,4.4,Futton Market,20
278,Chicago,Lakeshore Sport & Fitness Illinois Center,41.88,-87.65,4.5,Futton Market,20
279,Chicago,TITLE Boxing Club Chicago West Loop,41.88,-87.65,4.7,Futton Market,20
280,Chicago,Bluprint Fitness/Chi-Town CrossFit,41.88,-87.65,5,Futton Market,20
281,Chicago,The Foundry - Union Station CrossFit,41.88,-87.65,5,Futton Market,20
282,Chicago,Solheim Gym,41.88,-87.65,NAN,Futton Market,20
283,Chicago,FFC Gold Coast,41.88,-87.65,4.2,Futton Market,20
284,Chicago,St Francis of Assisi Gym,41.88,-87.65,NAN,Futton Market,20
285,Chicago,South Loop Strength & Conditioning - Home of South Loop CrossFit,41.88,-87.65,4.9,Futton Market,20
286,Chicago,CrossFit CE,41.88,-87.65,5,Futton Market,20
287,Chicago,Fitness Formula Clubs Corporate Headquarters,41.88,-87.65,3.7,Futton Market,20
288,Chicago,Symmetry Chicago,41.88,-87.65,5,Futton Market,20
289,Chicago,Franklin Street Boxing Club,41.88,-87.65,5,Futton Market,20
290,Chicago,Planet Fitness,41.87,-87.63,4.1,City Center Campus,20
291,Chicago,UFC Gym,41.87,-87.63,3.2,City Center Campus,20
292,Chicago,River North Gym at the MART,41.87,-87.63,4.7,City Center Campus,20
293,Chicago,POW! Gym Chicago,41.87,-87.63,5,City Center Campus,20
294,Chicago,Coöp Gym,41.87,-87.63,3.8,City Center Campus,20
295,Chicago,FIT RESULTS - South Loop Gym,41.87,-87.63,5,City Center Campus,20
296,Chicago,Equinox The Loop,41.87,-87.63,3.9,City Center Campus,20
297,Chicago,Energym Gym & Nutrition Bar,41.87,-87.63,4.5,City Center Campus,20
298,Chicago,Lakeshore Sport & Fitness Illinois Center,41.87,-87.63,4.5,City Center Campus,20
299,Chicago,TITLE Boxing Club Chicago West Loop,41.87,-87.63,4.7,City Center Campus,20
300,Chicago,The Foundry - Union Station CrossFit,41.87,-87.63,5,City Center Campus,20
301,Chicago,St Francis of Assisi Gym,41.87,-87.63,NAN,City Center Campus,20
302,Chicago,South Loop Strength & Conditioning - Home of South Loop CrossFit,41.87,-87.63,4.9,City Center Campus,20
303,Chicago,Fitness Formula Clubs Corporate Headquarters,41.87,-87.63,3.7,City Center Campus,20
304,Chicago,Franklin Street Boxing Club,41.87,-87.63,5,City Center Campus,20
305,Chicago,TITLE Boxing Club Chicago South Loop,41.87,-87.63,5,City Center Campus,20
306,Chicago,Body Shot Boxing Club,41.87,-87.63,4.4,City Center Campus,20
307,Chicago,ENRGi Fitness,41.87,-87.63,4.8,City Center Campus,20
308,Chicago,FitPro West,41.87,-87.63,5,City Center Campus,20
309,Chicago,Brick Crossfit Chicago,41.87,-87.63,4.5,City Center Campus,20
310,Chicago,Planet Fitness,41.87,-87.62,4.1,The Downtown District,20
311,Chicago,UFC Gym,41.87,-87.62,3.2,The Downtown District,20
312,Chicago,River North Gym at the MART,41.87,-87.62,4.7,The Downtown District,20
313,Chicago,FIT RESULTS - South Loop Gym,41.87,-87.62,5,The Downtown District,20
314,Chicago,Equinox The Loop,41.87,-87.62,3.9,The Downtown District,20
315,Chicago,Lakeshore Sport & Fitness Illinois Center,41.87,-87.62,4.5,The Downtown District,20
316,Chicago,TITLE Boxing Club Chicago West Loop,41.87,-87.62,4.7,The Downtown District,20
317,Chicago,The Foundry - Union Station CrossFit,41.87,-87.62,5,The Downtown District,20
318,Chicago,St Francis of Assisi Gym,41.87,-87.62,NAN,The Downtown District,20
319,Chicago,South Loop Strength & Conditioning - Home of South Loop CrossFit,41.87,-87.62,4.9,The Downtown District,20
320,Chicago,Fitness Formula Clubs Corporate Headquarters,41.87,-87.62,3.7,The Downtown District,20
321,Chicago,Franklin Street Boxing Club,41.87,-87.62,5,The Downtown District,20
322,Chicago,TITLE Boxing Club Chicago South Loop,41.87,-87.62,5,The Downtown District,20
323,Chicago,Body Shot Boxing Club,41.87,-87.62,4.4,The Downtown District,20
324,Chicago,ENRGi Fitness,41.87,-87.62,4.8,The Downtown District,20
325,Chicago,FitPro West,41.87,-87.62,5,The Downtown District,20
326,Chicago,Brick Crossfit Chicago,41.87,-87.62,4.5,The Downtown District,20
327,Chicago,CrossFit Commitment,41.87,-87.62,4.7,The Downtown District,20
328,Chicago,Energym Gym & Nutrition Bar,41.87,-87.62,4.5,The Downtown District,20
329,Chicago,UFC Gym River North,41.87,-87.62,4.8,The Downtown District,20
330,Chicago,"Planet Fitness - Chicago (Little Village), IL",41.86,-87.67,4.2,The Illinois Medical District,14
331,Chicago,POW! Gym Chicago,41.86,-87.67,5,The Illinois Medical District,14
332,Chicago,Coöp Gym,41.86,-87.67,3.8,The Illinois Medical District,14
333,Chicago,Energym Gym & Nutrition Bar,41.86,-87.67,4.5,The Illinois Medical District,14
334,Chicago,Charter Fitness,41.86,-87.67,2.9,The Illinois Medical District,14
335,Chicago,TITLE Boxing Club Chicago West Loop,41.86,-87.67,4.7,The Illinois Medical District,14
336,Chicago,The Foundry - Union Station CrossFit,41.86,-87.67,5,The Illinois Medical District,14
337,Chicago,St Francis of Assisi Gym,41.86,-87.67,NAN,The Illinois Medical District,14
338,Chicago,Fitness Formula Clubs Corporate Headquarters,41.86,-87.67,3.7,The Illinois Medical District,14
339,Chicago,UIC Sports & Fitness Center,41.86,-87.67,4.5,The Illinois Medical District,14
340,Chicago,Pilsen's Fitness Center,41.86,-87.67,3.9,The Illinois Medical District,14
341,Chicago,Body Shot Boxing Club,41.86,-87.67,4.4,The Illinois Medical District,14
342,Chicago,FitPro West,41.86,-87.67,5,The Illinois Medical District,14
343,Chicago,CrossFit Commitment,41.86,-87.67,4.7,The Illinois Medical District,14
344,Chicago,"Planet Fitness - Chicago (Little Village), IL",41.85,-87.66,4.2,The 78,11
345,Chicago,Lance's Gym,41.85,-87.66,4.7,The 78,11
346,Chicago,Energym Gym & Nutrition Bar,41.85,-87.66,4.5,The 78,11
347,Chicago,Charter Fitness,41.85,-87.66,2.9,The 78,11
348,Chicago,St Francis of Assisi Gym,41.85,-87.66,NAN,The 78,11
349,Chicago,UIC Sports & Fitness Center,41.85,-87.66,4.5,The 78,11
350,Chicago,Pilsen's Fitness Center,41.85,-87.66,3.9,The 78,11
351,Chicago,TITLE Boxing Club Chicago South Loop,41.85,-87.66,5,The 78,11
352,Chicago,Body Shot Boxing Club,41.85,-87.66,4.4,The 78,11
353,Chicago,CrossFit Commitment,41.85,-87.66,4.7,The 78,11
354,Chicago,South Loop Strength & Conditioning - Home of South Loop CrossFit,41.85,-87.66,4.9,The 78,11
355,Chicago,LA Fitness,41.83,-87.6,3,Burnham Lakefront,1
356,Raleigh,Crossfit RTP,35.9,-78.87,5,Research Triangle Park,5
357,Raleigh,RTP Fitness,35.9,-78.87,4.1,Research Triangle Park,5
358,Raleigh,Back2Basics Boxing,35.9,-78.87,4.6,Research Triangle Park,5
359,Raleigh,CrossFit 919,35.9,-78.87,5,Research Triangle Park,5
360,Raleigh,United Thai Boxing & MMA,35.9,-78.87,4.7,Research Triangle Park,5
361,Raleigh,O2 Fitness,35.85,-79.08,4.1,Chatham Park,1
362,Raleigh,HEAT - Studio Gym,35.77,-78.64,4.6,Warehouse District,6
363,Raleigh,Spider Strength Gym,35.77,-78.64,5,Warehouse District,6
364,Raleigh,Jawbreaker Boxing,35.77,-78.64,4.8,Warehouse District,6
365,Raleigh,CrossFit Invoke,35.77,-78.64,5,Warehouse District,6
366,Raleigh,Second Round,35.77,-78.64,4.3,Warehouse District,6
367,Raleigh,MADabolic,35.77,-78.64,5,Warehouse District,6
368,Atlanta,Orangetheory Fitness,33.7615,-84.3856,4.6,Downtown Atlanta,12
369,Atlanta,The BRADY APTS GYM,33.7615,-84.3856,NAN,Downtown Atlanta,12
370,Atlanta,Unit 2 Fitness,33.7615,-84.3856,4.3,Downtown Atlanta,12
371,Atlanta,Universal Fitness,33.7615,-84.3856,4.7,Downtown Atlanta,12
372,Atlanta,The Training Room ATL,33.7615,-84.3856,4.9,Downtown Atlanta,12
373,Atlanta,Vesta Movement,33.7615,-84.3856,4.8,Downtown Atlanta,12
374,Atlanta,The Forum Athletic Club,33.7615,-84.3856,4.4,Downtown Atlanta,12
375,Atlanta,CrossFit Downtown Atlanta,33.7615,-84.3856,4.9,Downtown Atlanta,12
376,Atlanta,Exhale Atlanta - Midtown,33.7615,-84.3856,4.1,Downtown Atlanta,12
377,Atlanta,Torq Cycle,33.7615,-84.3856,4.9,Downtown Atlanta,12
378,Atlanta,Lovely Bodies,33.7615,-84.3856,4.6,Downtown Atlanta,12
379,Atlanta,Snap Fitness,33.7615,-84.3856,4.5,Downtown Atlanta,12
380,Atlanta,Personalized Fitness,34.5129,-93.0431,5,Midtown,3
381,Atlanta,The Gypsy Love Ranch,34.5129,-93.0431,3,Midtown,3
382,Atlanta,Lions Den,34.5129,-93.0431,NAN,Midtown,3
383,Atlanta,CrossFit Chamblee,33.904,-84.2843,4.7,Former GM plant,6
384,Atlanta,Stone Summit Climbing and Fitness Center,33.904,-84.2843,4.6,Former GM plant,6
385,Atlanta,SWEET SCIENCE FITNESS BOXING CLUB,33.904,-84.2843,4.8,Former GM plant,6
386,Atlanta,Elite Edge Fitness,33.904,-84.2843,4.8,Former GM plant,6
387,Atlanta,CrossFit HD,33.904,-84.2843,4.8,Former GM plant,6
388,Atlanta,Team Octopus Chamblee,33.904,-84.2843,4.9,Former GM plant,6
389,Atlanta,Jump Start Gym,33.9133,-84.3888,4,The High Street Site,4
390,Atlanta,Anytime Fitness,33.9133,-84.3888,5,The High Street Site,4
391,Atlanta,Life Time Athletic,33.9133,-84.3888,3.6,The High Street Site,4
392,Atlanta,LA Fitness,33.9133,-84.3888,3.2,The High Street Site,4
393,Austin,Mecca Gym & Spa,30.2586,-97.7444,3.8,American-Statesman ,9
394,Austin,Castle Hill Fitness Gym & Spa,30.2586,-97.7444,4.7,American-Statesman ,9
395,Austin,Gold's Gym,30.2586,-97.7444,3.6,American-Statesman ,9
396,Austin,CrossFit 2024,30.2586,-97.7444,5,American-Statesman ,9
397,Austin,Pure Austin Fitness,30.2586,-97.7444,4.1,American-Statesman ,9
398,Austin,CrossFit Central Downtown,30.2586,-97.7444,4.6,American-Statesman ,9
399,Austin,City Surf Fitness Austin,30.2586,-97.7444,5,American-Statesman ,9
400,Austin,Tetra Fitness,30.2586,-97.7444,4.9,American-Statesman ,9
401,Austin,Rumble ATX Boxing and Fitness,30.2586,-97.7444,4.7,American-Statesman ,9
402,Austin,YMCA of Austin - East Communities Y,30.2714,-97.6647,3.9,Eightfold,2
403,Austin,Fortitude Strength & Conditioning - Easy is Evil CrossFit,30.2714,-97.6647,5,Eightfold,2
404,Austin,Planet Fitness,30.199,-97.8276,4.5,Former 3M site,9
405,Austin,The Little Gym of Austin South,30.199,-97.8276,4.9,Former 3M site,9
406,Austin,Star Center Gymnastics and Cheer,30.199,-97.8276,3.7,Former 3M site,9
407,Austin,Life Time Fitness,30.199,-97.8276,2.5,Former 3M site,9
408,Austin,Brodie Park CrossFit,30.199,-97.8276,4.8,Former 3M site,9
409,Austin,24 Hour Fitness,30.199,-97.8276,3.8,Former 3M site,9
410,Austin,South Austin Gym,30.199,-97.8276,4.1,Former 3M site,9
411,Austin,LA Fitness,30.199,-97.8276,4,Former 3M site,9
412,Austin,Impact Strong,30.199,-97.8276,4.8,Former 3M site,9
413,Austin,24 Hour Fitness,30.4015,-97.7268,3.5,The Domain,7
414,Austin,Anytime Fitness,30.4015,-97.7268,4.2,The Domain,7
415,Austin,GYM ONE,30.4015,-97.7268,4.6,The Domain,7
416,Austin,illuminate Gym,30.4015,-97.7268,5,The Domain,7
417,Austin,Orangetheory Fitness- Arbor Town Square,30.4015,-97.7268,4.8,The Domain,7
418,Austin,CrossFit REP,30.4015,-97.7268,4.9,The Domain,7
419,Austin,Charneski Fight Team TX,30.4015,-97.7268,NAN,The Domain,7
420,Austin,Anytime Fitness,30.4014,-97.7147,4.2,Bardmoor Campus,5
421,Austin,Big Tex Gym,30.4014,-97.7147,4.8,Bardmoor Campus,5
422,Austin,GYM ONE,30.4014,-97.7147,4.6,Bardmoor Campus,5
423,Austin,CrossFit REP,30.4014,-97.7147,4.9,Bardmoor Campus,5
424,Austin,Charneski Fight Team TX,30.4014,-97.7147,NAN,Bardmoor Campus,5
425,Austin,24 Hour Fitness,30.4704,-97.7701,3.4,Robinson Ranch,8
426,Austin,Anytime Fitness,30.4704,-97.7701,4.3,Robinson Ranch,8
427,Austin,Gold's Gym,30.4704,-97.7701,4,Robinson Ranch,8
428,Austin,Life Time Fitness,30.4704,-97.7701,3.9,Robinson Ranch,8
429,Austin,Woodward CrossFit,30.4704,-97.7701,4.5,Robinson Ranch,8
430,Austin,Austin Gymnastics Club,30.4704,-97.7701,5,Robinson Ranch,8
431,Austin,Fitness Connection,30.4704,-97.7701,2.8,Robinson Ranch,8
432,Austin,TumblePro Austin,30.4704,-97.7701,4.3,Robinson Ranch,8