,City Name,Facility restaurant,Latitude,Longitude,Rating,Site Name,price_level,restaurant Total Count
0,Northern Virginia Area,NED DEVINE'S IRISH SPORTS BAR & RESTAURANT,38.96,-77.42,3.7,Center for Innovation Technology,2,20
1,Northern Virginia Area,Anatolian Bistro Turkish Restaurant,38.96,-77.42,4.8,Center for Innovation Technology,NAN,20
2,Northern Virginia Area,China King Restaurant,38.96,-77.42,3.2,Center for Innovation Technology,2,20
3,Northern Virginia Area,Houlihan's,38.96,-77.42,3.4,Center for Innovation Technology,NAN,20
4,Northern Virginia Area,Elements On Level One,38.96,-77.42,3.2,Center for Innovation Technology,NAN,20
5,Northern Virginia Area,Carrabba's Italian Grill,38.96,-77.42,2.2,Center for Innovation Technology,NAN,20
6,Northern Virginia Area,Moe's Southwest Grill,38.96,-77.42,3.8,Center for Innovation Technology,1,20
7,Northern Virginia Area,SUBWAY®Restaurants,38.96,-77.42,3.7,Center for Innovation Technology,1,20
8,Northern Virginia Area,SUBWAY®Restaurants,38.96,-77.42,3.9,Center for Innovation Technology,1,20
9,Northern Virginia Area,SUBWAY®Restaurants,38.96,-77.42,3.7,Center for Innovation Technology,1,20
10,Northern Virginia Area,Chipotle Mexican Grill,38.96,-77.42,3.8,Center for Innovation Technology,1,20
11,Northern Virginia Area,Au Bon Pain,38.96,-77.42,4.3,Center for Innovation Technology,1,20
12,Northern Virginia Area,Smashburger,38.96,-77.42,3.3,Center for Innovation Technology,1,20
13,Northern Virginia Area,Bar Louie,38.96,-77.42,4.1,Center for Innovation Technology,NAN,20
14,Northern Virginia Area,TGI Fridays,38.96,-77.42,3,Center for Innovation Technology,2,20
15,Northern Virginia Area,Cracker Barrel Old Country Store,38.96,-77.42,4.1,Center for Innovation Technology,1,20
16,Northern Virginia Area,Noodles and Company,38.96,-77.42,3.8,Center for Innovation Technology,2,20
17,Northern Virginia Area,Wendy's,38.96,-77.42,3.7,Center for Innovation Technology,1,20
18,Northern Virginia Area,Chao Phra YA Thai,38.96,-77.42,4.5,Center for Innovation Technology,2,20
19,Northern Virginia Area,Chuck E. Cheese's,38.96,-77.42,3.8,Center for Innovation Technology,2,20
20,Northern Virginia Area,Fyve Restaurant Lounge,38.84,-77.05,4.6,Crystal City and Potomac Yard,3,20
21,Northern Virginia Area,Portofino Restaurant,38.84,-77.05,4.1,Crystal City and Potomac Yard,2,20
22,Northern Virginia Area,Young Chow Restaurant,38.84,-77.05,3,Crystal City and Potomac Yard,2,20
23,Northern Virginia Area,Live Oak Restaurant,38.84,-77.05,4.4,Crystal City and Potomac Yard,2,20
24,Northern Virginia Area,RT's Restaurant,38.84,-77.05,4.5,Crystal City and Potomac Yard,2,20
25,Northern Virginia Area,Rustico Restaurant & Bar - Alexandria,38.84,-77.05,4.2,Crystal City and Potomac Yard,2,20
26,Northern Virginia Area,China Cafe restaurant,38.84,-77.05,3.5,Crystal City and Potomac Yard,2,20
27,Northern Virginia Area,Jaleo,38.84,-77.05,4.2,Crystal City and Potomac Yard,2,20
28,Northern Virginia Area,McCormick & Schmick's Seafood & Steaks,38.84,-77.05,3.1,Crystal City and Potomac Yard,2,20
29,Northern Virginia Area,SUBWAY®Restaurants,38.84,-77.05,3.7,Crystal City and Potomac Yard,1,20
30,Northern Virginia Area,SUBWAY®Restaurants,38.84,-77.05,2.8,Crystal City and Potomac Yard,1,20
31,Northern Virginia Area,SUBWAY®Restaurants,38.84,-77.05,3.9,Crystal City and Potomac Yard,1,20
32,Northern Virginia Area,California Pizza Kitchen at Pentagon Center,38.84,-77.05,4,Crystal City and Potomac Yard,2,20
33,Northern Virginia Area,Chipotle Mexican Grill,38.84,-77.05,3,Crystal City and Potomac Yard,1,20
34,Northern Virginia Area,Chipotle,38.84,-77.05,3.5,Crystal City and Potomac Yard,1,20
35,Northern Virginia Area,Legal Sea Foods,38.84,-77.05,4.2,Crystal City and Potomac Yard,2,20
36,Northern Virginia Area,Popeyes Louisiana Kitchen,38.84,-77.05,3.7,Crystal City and Potomac Yard,1,20
37,Northern Virginia Area,Smashburger,38.84,-77.05,2.1,Crystal City and Potomac Yard,1,20
38,Northern Virginia Area,Smashburger,38.84,-77.05,1,Crystal City and Potomac Yard,1,20
39,Northern Virginia Area,Bar Louie,38.84,-77.05,3.9,Crystal City and Potomac Yard,NAN,20
40,Washington DC,Chipotle,38.86,-77.01,3.4,Nationals Park/ D.C United Stadium,NAN,20
41,Washington DC,Ted's Bulletin,38.86,-77.01,4.5,Nationals Park/ D.C United Stadium,2,20
42,Washington DC,Shake Shack - Nationals Park,38.86,-77.01,3.9,Nationals Park/ D.C United Stadium,1,20
43,Washington DC,IHOP,38.86,-77.01,3.5,Nationals Park/ D.C United Stadium,1,20
44,Washington DC,California Tortilla,38.86,-77.01,3,Nationals Park/ D.C United Stadium,NAN,20
45,Washington DC,SUBWAY®Restaurants,38.86,-77.01,3.8,Nationals Park/ D.C United Stadium,1,20
46,Washington DC,SUBWAY®Restaurants,38.86,-77.01,3.5,Nationals Park/ D.C United Stadium,1,20
47,Washington DC,Popeyes Louisiana Kitchen,38.86,-77.01,3.6,Nationals Park/ D.C United Stadium,1,20
48,Washington DC,Shake Shack - Navy Yard,38.86,-77.01,4.2,Nationals Park/ D.C United Stadium,1,20
49,Washington DC,Five Guys,38.86,-77.01,4.2,Nationals Park/ D.C United Stadium,1,20
50,Washington DC,Ambar Capitol Hill,38.86,-77.01,4.6,Nationals Park/ D.C United Stadium,2,20
51,Washington DC,Panda Express,38.86,-77.01,4,Nationals Park/ D.C United Stadium,NAN,20
52,Washington DC,Willie's Brew & Que,38.86,-77.01,3.4,Nationals Park/ D.C United Stadium,2,20
53,Washington DC,SUBWAY®Restaurants,38.86,-77.01,3.7,Nationals Park/ D.C United Stadium,1,20
54,Washington DC,Station 4,38.86,-77.01,3.8,Nationals Park/ D.C United Stadium,2,20
55,Washington DC,Whaley's,38.86,-77.01,4.3,Nationals Park/ D.C United Stadium,3,20
56,Washington DC,Agua 301 Restaurant,38.86,-77.01,3.7,Nationals Park/ D.C United Stadium,2,20
57,Washington DC,Scarlet Oak Restaurant & Bar,38.86,-77.01,4.2,Nationals Park/ D.C United Stadium,2,20
58,Washington DC,La Lomita Restaurant,38.86,-77.01,4,Nationals Park/ D.C United Stadium,2,20
59,Washington DC,Lapidus Restaurant,38.86,-77.01,2.3,Nationals Park/ D.C United Stadium,2,20
60,Washington DC,701 Restaurant,38.89,-77,4.1,Union Station,3,20
61,Washington DC,Ethiopic Restaurant,38.89,-77,4.4,Union Station,2,20
62,Washington DC,Carmine's Italian Restaurant - Washington DC,38.89,-77,4.2,Union Station,2,20
63,Washington DC,Sonoma Restaurant and Wine Bar,38.89,-77,4,Union Station,2,20
64,Washington DC,Chercher Ethiopian Restaurant & Mart,38.89,-77,4.6,Union Station,1,20
65,Washington DC,Irish Channel Restaurant & Pub,38.89,-77,4.3,Union Station,1,20
66,Washington DC,Jaleo,38.89,-77,4.2,Union Station,2,20
67,Washington DC,The Source by Wolfgang Puck,38.89,-77,4.2,Union Station,3,20
68,Washington DC,Chick-Fil-A,38.89,-77,3.4,Union Station,1,20
69,Washington DC,SUBWAY®Restaurants,38.89,-77,3.1,Union Station,1,20
70,Washington DC,SUBWAY®Restaurants,38.89,-77,3.3,Union Station,1,20
71,Washington DC,The Smith,38.89,-77,4.3,Union Station,2,20
72,Washington DC,Hooters,38.89,-77,3.4,Union Station,1,20
73,Washington DC,Chipotle Mexican Grill,38.89,-77,3.6,Union Station,1,20
74,Washington DC,Chipotle Mexican Grill,38.89,-77,3,Union Station,1,20
75,Washington DC,Chipotle,38.89,-77,3.4,Union Station,NAN,20
76,Washington DC,Ted's Bulletin,38.89,-77,4.5,Union Station,2,20
77,Washington DC,Le Pain Quotidien,38.89,-77,3.9,Union Station,2,20
78,Washington DC,Momofuku CCDC,38.89,-77,4,Union Station,2,20
79,Washington DC,Moe's Southwest Grill,38.89,-77,3.2,Union Station,1,20
80,Washington DC,Chipotle Mexican Grill,38.88,-76.97,3.6,Hill-East Neighborhood,1,20
81,Washington DC,Ted's Bulletin,38.88,-76.97,4.5,Hill-East Neighborhood,2,20
82,Washington DC,Le Pain Quotidien,38.88,-76.97,3.6,Hill-East Neighborhood,2,20
83,Washington DC,Chick-Fil-A,38.88,-76.97,3.4,Hill-East Neighborhood,1,20
84,Washington DC,SUBWAY®Restaurants,38.88,-76.97,3.4,Hill-East Neighborhood,1,20
85,Washington DC,SUBWAY®Restaurants,38.88,-76.97,3.6,Hill-East Neighborhood,1,20
86,Washington DC,Popeyes Louisiana Kitchen,38.88,-76.97,3.3,Hill-East Neighborhood,1,20
87,Washington DC,Subway,38.88,-76.97,3,Hill-East Neighborhood,1,20
88,Washington DC,Popeyes Louisiana Kitchen,38.88,-76.97,3.5,Hill-East Neighborhood,1,20
89,Washington DC,Popeyes Louisiana Kitchen,38.88,-76.97,3.5,Hill-East Neighborhood,1,20
90,Washington DC,Ambar Capitol Hill,38.88,-76.97,4.6,Hill-East Neighborhood,2,20
91,Washington DC,Acqua Al 2,38.88,-76.97,4.4,Hill-East Neighborhood,3,20
92,Washington DC,Panda Express,38.88,-76.97,4,Hill-East Neighborhood,NAN,20
93,Washington DC,Joselito Casa de Comidas,38.88,-76.97,4.2,Hill-East Neighborhood,2,20
94,Washington DC,Montmartre,38.88,-76.97,4.4,Hill-East Neighborhood,3,20
95,Washington DC,Addis Ethiopian Restaurant,38.88,-76.97,4.3,Hill-East Neighborhood,1,20
96,Washington DC,Mr. Henry's Restaurant,38.88,-76.97,4.3,Hill-East Neighborhood,2,20
97,Washington DC,La Lomita Restaurant,38.88,-76.97,4,Hill-East Neighborhood,2,20
98,Washington DC,Quara Ethiopian Restaurant,38.88,-76.97,4.3,Hill-East Neighborhood,NAN,20
99,Washington DC,Wah Sing Restaurant,38.88,-76.97,4,Hill-East Neighborhood,NAN,20
100,Washington DC,701 Restaurant,38.91,-77.02,4.1,Shaw-Howard University Area,3,20
101,Washington DC,Ethiopic Restaurant,38.91,-77.02,4.4,Shaw-Howard University Area,2,20
102,Washington DC,1905 Restaurant,38.91,-77.02,4.2,Shaw-Howard University Area,2,20
103,Washington DC,14K Restaurant,38.91,-77.02,3.7,Shaw-Howard University Area,2,20
104,Washington DC,Equinox Restaurant,38.91,-77.02,4.3,Shaw-Howard University Area,3,20
105,Washington DC,DECLARATION RESTAURANT,38.91,-77.02,3.9,Shaw-Howard University Area,2,20
106,Washington DC,Carmine's Italian Restaurant - Washington DC,38.91,-77.02,4.2,Shaw-Howard University Area,2,20
107,Washington DC,Estadio,38.91,-77.02,4.3,Shaw-Howard University Area,2,20
108,Washington DC,Occidental Grill & Seafood Restaurant,38.91,-77.02,4.2,Shaw-Howard University Area,3,20
109,Washington DC,Chercher Ethiopian Restaurant & Mart,38.91,-77.02,4.6,Shaw-Howard University Area,1,20
110,Washington DC,Himalayan Heritage Restaurant,38.91,-77.02,4.3,Shaw-Howard University Area,2,20
111,Washington DC,Jojo Restaurant & Bar,38.91,-77.02,4.5,Shaw-Howard University Area,2,20
112,Washington DC,Madrid Restaurant,38.91,-77.02,3.1,Shaw-Howard University Area,2,20
113,Washington DC,Meze Restaurant,38.91,-77.02,4.5,Shaw-Howard University Area,2,20
114,Washington DC,Siroc Restaurant,38.91,-77.02,4.4,Shaw-Howard University Area,3,20
115,Washington DC,Irish Channel Restaurant & Pub,38.91,-77.02,4.3,Shaw-Howard University Area,1,20
116,Washington DC,Thaitanic Restaurant,38.91,-77.02,4,Shaw-Howard University Area,2,20
117,Washington DC,Jaleo,38.91,-77.02,4.2,Shaw-Howard University Area,2,20
118,Washington DC,The Source by Wolfgang Puck,38.91,-77.02,4.2,Shaw-Howard University Area,3,20
119,Washington DC,TGI Fridays,38.91,-77.02,2.5,Shaw-Howard University Area,3,20
120,Los Angeles,Alborz Restaurant,34.1802,-118.6028,4.4,Warner Center West San Fernando Valley,NAN,20
121,Los Angeles,Bistro Ka Japanese Restaurant,34.1802,-118.6028,3.9,Warner Center West San Fernando Valley,2,20
122,Los Angeles,Mazar Mediterranean Restaurant / lounge,34.1802,-118.6028,4.3,Warner Center West San Fernando Valley,NAN,20
123,Los Angeles,Shirin Restaurant,34.1802,-118.6028,4.1,Warner Center West San Fernando Valley,2,20
124,Los Angeles,Henri's Restaurant,34.1802,-118.6028,4.4,Warner Center West San Fernando Valley,NAN,20
125,Los Angeles,Red Robin Gourmet Burgers,34.1802,-118.6028,4,Warner Center West San Fernando Valley,2,20
126,Los Angeles,BJ's Restaurant & Brewhouse,34.1802,-118.6028,3.9,Warner Center West San Fernando Valley,2,20
127,Los Angeles,P.F. Chang's,34.1802,-118.6028,3.9,Warner Center West San Fernando Valley,NAN,20
128,Los Angeles,Olive Garden Italian Restaurant,34.1802,-118.6028,4.1,Warner Center West San Fernando Valley,2,20
129,Los Angeles,Jack In The Box,34.1802,-118.6028,3.4,Warner Center West San Fernando Valley,1,20
130,Los Angeles,Jack In The Box,34.1802,-118.6028,4.1,Warner Center West San Fernando Valley,1,20
131,Los Angeles,Kabuki Japanese Restaurant,34.1802,-118.6028,4,Warner Center West San Fernando Valley,NAN,20
132,Los Angeles,Red Lobster,34.1802,-118.6028,4,Warner Center West San Fernando Valley,1,20
133,Los Angeles,Maggiano's Little Italy,34.1802,-118.6028,4.3,Warner Center West San Fernando Valley,2,20
134,Los Angeles,California Pizza Kitchen at Topanga Mall,34.1802,-118.6028,3.9,Warner Center West San Fernando Valley,2,20
135,Los Angeles,Chipotle Mexican Grill,34.1802,-118.6028,3.6,Warner Center West San Fernando Valley,1,20
136,Los Angeles,Le Pain Quotidien,34.1802,-118.6028,3.8,Warner Center West San Fernando Valley,NAN,20
137,Los Angeles,IHOP,34.1802,-118.6028,4.2,Warner Center West San Fernando Valley,1,20
138,Los Angeles,Jack In The Box,34.1802,-118.6028,3.9,Warner Center West San Fernando Valley,1,20
139,Los Angeles,Jack In The Box,34.1802,-118.6028,4.2,Warner Center West San Fernando Valley,1,20
140,Los Angeles,Wolf Creek Restaurant and Brewing Company,34.4318,-118.5584,4,New Hall Ranch Santa Clarita Valley,2,20
141,Los Angeles,Kisho Japanese Restaurant,34.4318,-118.5584,4.2,New Hall Ranch Santa Clarita Valley,2,20
142,Los Angeles,Presidente Restaurant,34.4318,-118.5584,4.2,New Hall Ranch Santa Clarita Valley,NAN,20
143,Los Angeles,Vines Restaurant & Bar,34.4318,-118.5584,3.5,New Hall Ranch Santa Clarita Valley,2,20
144,Los Angeles,Shogun Sushi Japanese Restaurant,34.4318,-118.5584,4.4,New Hall Ranch Santa Clarita Valley,NAN,20
145,Los Angeles,Denny's,34.4318,-118.5584,3,New Hall Ranch Santa Clarita Valley,1,20
146,Los Angeles,Olive Garden Italian Restaurant,34.4318,-118.5584,4.3,New Hall Ranch Santa Clarita Valley,2,20
147,Los Angeles,Buca di Beppo Italian Restaurant,34.4318,-118.5584,3.8,New Hall Ranch Santa Clarita Valley,2,20
148,Los Angeles,Islands Restaurant Santa Clarita,34.4318,-118.5584,4.2,New Hall Ranch Santa Clarita Valley,1,20
149,Los Angeles,Red Robin Gourmet Burgers,34.4318,-118.5584,4,New Hall Ranch Santa Clarita Valley,2,20
150,Los Angeles,Cafe Rio Mexican Grill,34.4318,-118.5584,4,New Hall Ranch Santa Clarita Valley,NAN,20
151,Los Angeles,New Moon Restaurant,34.4318,-118.5584,4.3,New Hall Ranch Santa Clarita Valley,2,20
152,Los Angeles,The Cheesecake Factory,34.4318,-118.5584,3.8,New Hall Ranch Santa Clarita Valley,NAN,20
153,Los Angeles,BJ's Restaurant & Brewhouse,34.4318,-118.5584,3.6,New Hall Ranch Santa Clarita Valley,NAN,20
154,Los Angeles,Jack In The Box,34.4318,-118.5584,4.2,New Hall Ranch Santa Clarita Valley,1,20
155,Los Angeles,IHOP,34.4318,-118.5584,3.6,New Hall Ranch Santa Clarita Valley,1,20
156,Los Angeles,Lazy Dog Restaurant & Bar,34.4318,-118.5584,4.2,New Hall Ranch Santa Clarita Valley,NAN,20
157,Los Angeles,Kabuki Japanese Restaurant,34.4318,-118.5584,4.4,New Hall Ranch Santa Clarita Valley,NAN,20
158,Los Angeles,Marston's Restaurant,34.4318,-118.5584,4.3,New Hall Ranch Santa Clarita Valley,2,20
159,Los Angeles,California Pizza Kitchen at Valencia,34.4318,-118.5584,4.2,New Hall Ranch Santa Clarita Valley,2,20
160,Los Angeles,Coco Palm Restaurant,34.0885,-117.7702,4.4,Pomona Fairplex,2,20
161,Los Angeles,La Paloma Mexican Restaurant,34.0885,-117.7702,4.3,Pomona Fairplex,2,20
162,Los Angeles,Denny's,34.0885,-117.7702,3.7,Pomona Fairplex,1,20
163,Los Angeles,Pomona Valley Mining Co,34.0885,-117.7702,4.3,Pomona Fairplex,3,20
164,Los Angeles,Los Jarritos Restaurants,34.0885,-117.7702,4.4,Pomona Fairplex,1,20
165,Los Angeles,Jack In The Box,34.0885,-117.7702,3.8,Pomona Fairplex,1,20
166,Los Angeles,Jack In The Box,34.0885,-117.7702,3.6,Pomona Fairplex,1,20
167,Los Angeles,El Pollo Loco,34.0885,-117.7702,2.8,Pomona Fairplex,1,20
168,Los Angeles,Wienerschnitzel,34.0885,-117.7702,3.9,Pomona Fairplex,1,20
169,Los Angeles,Carl's Jr.,34.0885,-117.7702,3.6,Pomona Fairplex,NAN,20
170,Los Angeles,Aladdin Jr,34.0885,-117.7702,3.5,Pomona Fairplex,2,20
171,Los Angeles,McKinley's Grille,34.0885,-117.7702,4.2,Pomona Fairplex,NAN,20
172,Los Angeles,Thai Orchid Garden,34.0885,-117.7702,4.5,Pomona Fairplex,NAN,20
173,Los Angeles,El Merendero Restaurant,34.0885,-117.7702,4.2,Pomona Fairplex,2,20
174,Los Angeles,Las Margaritas Restaurant,34.0885,-117.7702,4.4,Pomona Fairplex,NAN,20
175,Los Angeles,Aoki Japanese Restaurant,34.0885,-117.7702,3.9,Pomona Fairplex,NAN,20
176,Los Angeles,Jasmine's Restaurant & Hookah Lounge,34.0885,-117.7702,4.5,Pomona Fairplex,NAN,20
177,Los Angeles,Avalon Restaurant,34.0885,-117.7702,NAN,Pomona Fairplex,NAN,20
178,Los Angeles,iCuisine,34.0885,-117.7702,4.3,Pomona Fairplex,NAN,20
179,Los Angeles,Pizza Hut,34.0885,-117.7702,3.3,Pomona Fairplex,1,20
180,Boston,Mario's,42.39,-71,4.6,Suffolk Downs,2,20
181,Boston,99 Restaurants,42.39,-71,3.7,Suffolk Downs,2,20
182,Boston,Margarita's Mexican Restaurant,42.39,-71,3.7,Suffolk Downs,2,20
183,Boston,Friendly's,42.39,-71,3.5,Suffolk Downs,1,20
184,Boston,Chili's Grill & Bar,42.39,-71,3.8,Suffolk Downs,2,20
185,Boston,U Food Grill,42.39,-71,2.3,Suffolk Downs,1,20
186,Boston,Dine Boston Bar & Grille,42.39,-71,3.1,Suffolk Downs,2,20
187,Boston,Oliveira's Restaurant,42.39,-71,4.2,Suffolk Downs,2,20
188,Boston,SUBWAY®Restaurants,42.39,-71,4.2,Suffolk Downs,1,20
189,Boston,SUBWAY®Restaurants,42.39,-71,2.4,Suffolk Downs,1,20
190,Boston,D'Parma Restaurant,42.39,-71,4.4,Suffolk Downs,2,20
191,Boston,Donna's Restaurant,42.39,-71,4.3,Suffolk Downs,2,20
192,Boston,THMOR DA Restaurant,42.39,-71,4.6,Suffolk Downs,NAN,20
193,Boston,Mama Blanca Restaurant,42.39,-71,4.3,Suffolk Downs,2,20
194,Boston,El Kiosco,42.39,-71,3.9,Suffolk Downs,2,20
195,Boston,Little Asia Restaurant,42.39,-71,4.3,Suffolk Downs,1,20
196,Boston,Antique Table Restaurant,42.39,-71,4.7,Suffolk Downs,NAN,20
197,Boston,El Palmar Restaurante,42.39,-71,4.5,Suffolk Downs,NAN,20
198,Boston,La Chiva Restaurant,42.39,-71,4.3,Suffolk Downs,NAN,20
199,Boston,Adriatic Restaurant & Bar,42.39,-71,4.3,Suffolk Downs,NAN,20
200,Boston,Meritage Restaurant,42.34,-71.03,4.8,South Boston Waterfront,3,20
201,Boston,Marliave,42.34,-71.03,4.3,South Boston Waterfront,2,20
202,Boston,Lincoln Tavern & Restaurant,42.34,-71.03,4.3,South Boston Waterfront,2,20
203,Boston,Empire,42.34,-71.03,4.4,South Boston Waterfront,3,20
204,Boston,Parker's Restaurant,42.34,-71.03,4,South Boston Waterfront,3,20
205,Boston,Capo Restaurant,42.34,-71.03,4.5,South Boston Waterfront,2,20
206,Boston,North 26 Restaurant & Bar,42.34,-71.03,3.9,South Boston Waterfront,2,20
207,Boston,Amrheins Restaurant,42.34,-71.03,4.2,South Boston Waterfront,2,20
208,Boston,Legal Harborside,42.34,-71.03,4.3,South Boston Waterfront,2,20
209,Boston,McCormick & Schmick's Seafood & Steaks,42.34,-71.03,3.1,South Boston Waterfront,3,20
210,Boston,The Palm Boston,42.34,-71.03,4.3,South Boston Waterfront,4,20
211,Boston,SUBWAY®Restaurants,42.34,-71.03,4.5,South Boston Waterfront,1,20
212,Boston,SUBWAY®Restaurants,42.34,-71.03,3.9,South Boston Waterfront,1,20
213,Boston,SUBWAY®Restaurants,42.34,-71.03,3.6,South Boston Waterfront,1,20
214,Boston,SUBWAY®Restaurants,42.34,-71.03,3.8,South Boston Waterfront,1,20
215,Boston,Legal Sea Foods,42.34,-71.03,4.2,South Boston Waterfront,NAN,20
216,Boston,Chipotle,42.34,-71.03,4,South Boston Waterfront,1,20
217,Boston,Ocean Prime,42.34,-71.03,4.6,South Boston Waterfront,3,20
218,Boston,Chart House,42.34,-71.03,4,South Boston Waterfront,2,20
219,Boston,Legal Sea Foods,42.34,-71.03,3.8,South Boston Waterfront,NAN,20
220,Boston,Strega,42.35,-71.05,4.1,Downtown,2,20
221,Boston,Capo Restaurant,42.35,-71.05,4.5,Downtown,2,20
222,Boston,Meritage Restaurant,42.35,-71.05,4.8,Downtown,3,20
223,Boston,Marliave,42.35,-71.05,4.3,Downtown,2,20
224,Boston,Lincoln Tavern & Restaurant,42.35,-71.05,4.3,Downtown,2,20
225,Boston,Mistral,42.35,-71.05,4.5,Downtown,3,20
226,Boston,Empire,42.35,-71.05,4.4,Downtown,3,20
227,Boston,Parker's Restaurant,42.35,-71.05,4,Downtown,3,20
228,Boston,Beehive Restaurant,42.35,-71.05,4.3,Downtown,2,20
229,Boston,Red Lantern Restaurant & Lounge,42.35,-71.05,4.3,Downtown,3,20
230,Boston,Restaurant Dante,42.35,-71.05,3.6,Downtown,3,20
231,Boston,Ward 8 Restaurant & Bar,42.35,-71.05,4.4,Downtown,2,20
232,Boston,Mooo Restaurant,42.35,-71.05,4.1,Downtown,4,20
233,Boston,The Courtyard Restaurant,42.35,-71.05,4.6,Downtown,2,20
234,Boston,North 26 Restaurant & Bar,42.35,-71.05,3.9,Downtown,2,20
235,Boston,Jacob Wirth Restaurant,42.35,-71.05,3.9,Downtown,2,20
236,Boston,No Name Restaurant,42.35,-71.05,3.8,Downtown,2,20
237,Boston,Amrheins Restaurant,42.35,-71.05,4.2,Downtown,2,20
238,Boston,Pita Restaurants,42.35,-71.05,4.5,Downtown,NAN,20
239,Boston,Bristol Restaurant and Bar,42.35,-71.05,4.3,Downtown,3,20
240,Boston,Beehive Restaurant,42.34,-71.06,4.3,South End,2,20
241,Boston,Merengue Restaurant,42.34,-71.06,3.9,South End,1,20
242,Boston,Capo Restaurant,42.34,-71.06,4.5,South End,2,20
243,Boston,Meritage Restaurant,42.34,-71.06,4.8,South End,3,20
244,Boston,Marliave,42.34,-71.06,4.3,South End,2,20
245,Boston,Mistral,42.34,-71.06,4.5,South End,3,20
246,Boston,Lincoln Tavern & Restaurant,42.34,-71.06,4.3,South End,2,20
247,Boston,Empire,42.34,-71.06,4.4,South End,3,20
248,Boston,Parker's Restaurant,42.34,-71.06,4,South End,3,20
249,Boston,Red Lantern Restaurant & Lounge,42.34,-71.06,4.3,South End,3,20
250,Boston,Sonsie,42.34,-71.06,4,South End,3,20
251,Boston,Mooo Restaurant,42.34,-71.06,4.1,South End,4,20
252,Boston,The Courtyard Restaurant,42.34,-71.06,4.6,South End,2,20
253,Boston,North 26 Restaurant & Bar,42.34,-71.06,3.9,South End,2,20
254,Boston,Jacob Wirth Restaurant,42.34,-71.06,3.9,South End,2,20
255,Boston,Amrheins Restaurant,42.34,-71.06,4.2,South End,2,20
256,Boston,Pita Restaurants,42.34,-71.06,4.5,South End,NAN,20
257,Boston,Bristol Restaurant and Bar,42.34,-71.06,4.3,South End,3,20
258,Boston,Asian Garden Restaurant,42.34,-71.06,3.7,South End,1,20
259,Boston,Douzo Sushi,42.34,-71.06,4.2,South End,2,20
260,New York,Barilla Restaurants Radio City,40.75,-74,4.2,Hudson Yards,1,20
261,New York,Barilla Restaurants Bryant Park,40.75,-74,4,Hudson Yards,NAN,20
262,New York,Barilla Restaurants Herald Square,40.75,-74,4,Hudson Yards,NAN,20
263,New York,The View Restaurant & Lounge,40.75,-74,3.8,Hudson Yards,4,20
264,New York,Carmine's Italian Restaurant - Times Square,40.75,-74,4.4,Hudson Yards,2,20
265,New York,Sushi Burrito,40.75,-74,4.7,Hudson Yards,1,20
266,New York,Asiate,40.75,-74,4.3,Hudson Yards,4,20
267,New York,Veselka,40.75,-74,4.4,Hudson Yards,2,20
268,New York,Tocqueville,40.75,-74,4.5,Hudson Yards,4,20
269,New York,Bobo,40.75,-74,4.3,Hudson Yards,3,20
270,New York,The NoMad Restaurant,40.75,-74,4.7,Hudson Yards,NAN,20
271,New York,Restaurant Associates,40.75,-74,3.8,Hudson Yards,NAN,20
272,New York,Patsy's Italian Restaurant,40.75,-74,4.2,Hudson Yards,3,20
273,New York,La Isla Restaurant Uptown,40.75,-74,4.3,Hudson Yards,NAN,20
274,New York,Patina Restaurant Group,40.75,-74,NAN,Hudson Yards,NAN,20
275,New York,Blue Hill,40.75,-74,4.6,Hudson Yards,4,20
276,New York,Junior's Restaurant and Bakery,40.75,-74,4.3,Hudson Yards,2,20
277,New York,Catch NYC,40.75,-74,4,Hudson Yards,3,20
278,New York,TGI Fridays,40.75,-74,2.8,Hudson Yards,2,20
279,New York,ABC Kitchen,40.75,-74,4.4,Hudson Yards,3,20
280,New York,SoleLuna,40.74,-73.94,4.6,Long Island City,NAN,20
281,New York,SHI,40.74,-73.94,4.2,Long Island City,2,20
282,New York,Sanfords,40.74,-73.94,4.4,Long Island City,2,20
283,New York,Crescent Grill,40.74,-73.94,4.7,Long Island City,NAN,20
284,New York,Lips Drag Queen ShowPalace Restaurant and Bar,40.74,-73.94,4.5,Long Island City,3,20
285,New York,Chipotle Mexican Grill,40.74,-73.94,4.1,Long Island City,1,20
286,New York,SUBWAY®Restaurants,40.74,-73.94,3.8,Long Island City,1,20
287,New York,SUBWAY®Restaurants,40.74,-73.94,3.3,Long Island City,1,20
288,New York,Chipotle Mexican Grill,40.74,-73.94,4,Long Island City,1,20
289,New York,Wingstop,40.74,-73.94,3.5,Long Island City,2,20
290,New York,Panda Express,40.74,-73.94,3.9,Long Island City,1,20
291,New York,Le Pain Quotidien,40.74,-73.94,3.8,Long Island City,2,20
292,New York,Le Pain Quotidien,40.74,-73.94,3.7,Long Island City,2,20
293,New York,Popeyes Louisiana Kitchen,40.74,-73.94,4,Long Island City,1,20
294,New York,Subway,40.74,-73.94,3.5,Long Island City,1,20
295,New York,Golden Krust,40.74,-73.94,2.6,Long Island City,2,20
296,New York,Sidetracks,40.74,-73.94,4.1,Long Island City,2,20
297,New York,Oro,40.74,-73.94,4.2,Long Island City,3,20
298,New York,Sripraphai Formerly Qi Thai Grill,40.74,-73.94,4,Long Island City,2,20
299,New York,Tacuba,40.74,-73.94,4.2,Long Island City,2,20
300,New York,Junior's Restaurant & Bakery,40.7,-73.98,4.2,Brooklyn Tech Triangle,2,20
301,New York,Soco,40.7,-73.98,4.2,Brooklyn Tech Triangle,2,20
302,New York,Alchemy,40.7,-73.98,4.1,Brooklyn Tech Triangle,2,20
303,New York,Broccolino,40.7,-73.98,4.2,Brooklyn Tech Triangle,2,20
304,New York,Pinto,40.7,-73.98,4.3,Brooklyn Tech Triangle,NAN,20
305,New York,Park Plaza,40.7,-73.98,4,Brooklyn Tech Triangle,2,20
306,New York,Balvanera,40.7,-73.98,4.5,Brooklyn Tech Triangle,3,20
307,New York,Panda Express,40.7,-73.98,3.7,Brooklyn Tech Triangle,1,20
308,New York,SUBWAY®Restaurants,40.7,-73.98,3,Brooklyn Tech Triangle,1,20
309,New York,SUBWAY® Restaurants,40.7,-73.98,3.2,Brooklyn Tech Triangle,1,20
310,New York,Chipotle Mexican Grill,40.7,-73.98,3.4,Brooklyn Tech Triangle,1,20
311,New York,Chipotle Mexican Grill,40.7,-73.98,4,Brooklyn Tech Triangle,1,20
312,New York,Frankies 457 Spuntino,40.7,-73.98,4.5,Brooklyn Tech Triangle,2,20
313,New York,Chipotle Mexican Grill,40.7,-73.98,4.1,Brooklyn Tech Triangle,1,20
314,New York,Wingstop,40.7,-73.98,3.9,Brooklyn Tech Triangle,1,20
315,New York,Wingstop,40.7,-73.98,3.6,Brooklyn Tech Triangle,1,20
316,New York,Le Pain Quotidien,40.7,-73.98,4,Brooklyn Tech Triangle,2,20
317,New York,Le Pain Quotidien,40.7,-73.98,4.1,Brooklyn Tech Triangle,2,20
318,New York,Le Pain Quotidien,40.7,-73.98,3.7,Brooklyn Tech Triangle,2,20
319,New York,Hardee,40.7,-73.98,4.6,Brooklyn Tech Triangle,1,20
320,New York,Junior's Restaurant & Bakery,40.7,-74.01,4.2,Financial District,2,20
321,New York,Pinto,40.7,-74.01,4.3,Financial District,NAN,20
322,New York,Park Plaza,40.7,-74.01,4,Financial District,2,20
323,New York,Liberty House Restaurant,40.7,-74.01,4.3,Financial District,NAN,20
324,New York,The Bailey Pub and Brasserie,40.7,-74.01,4.3,Financial District,2,20
325,New York,Fragole Restaurant,40.7,-74.01,4.4,Financial District,2,20
326,New York,No.1 Chinese Restaurant,40.7,-74.01,3.9,Financial District,2,20
327,New York,Balvanera,40.7,-74.01,4.5,Financial District,3,20
328,New York,TGI Fridays,40.7,-74.01,2.6,Financial District,2,20
329,New York,Mama Maria's,40.7,-74.01,4.7,Financial District,2,20
330,New York,SUBWAY Restaurants,40.7,-74.01,4,Financial District,1,20
331,New York,Subway,40.7,-74.01,3.6,Financial District,1,20
332,New York,Chili's Grill & Bar,40.7,-74.01,3.7,Financial District,1,20
333,New York,Panda Express,40.7,-74.01,3.7,Financial District,1,20
334,New York,Chipotle Mexican Grill,40.7,-74.01,4.1,Financial District,1,20
335,New York,Chipotle Mexican Grill,40.7,-74.01,3.6,Financial District,1,20
336,New York,Chipotle Mexican Grill,40.7,-74.01,4,Financial District,1,20
337,New York,Frankies 457 Spuntino,40.7,-74.01,4.5,Financial District,2,20
338,New York,Chipotle Mexican Grill,40.7,-74.01,3.8,Financial District,1,20
339,New York,Wingstop,40.7,-74.01,3.9,Financial District,1,20
340,Chicago,RL Restaurant,41.91,-87.64,4.2,Lincoln Yards,3,20
341,Chicago,676 Restaurant & Bar,41.91,-87.64,4.3,Lincoln Yards,2,20
342,Chicago,"Chicago q, Barbecue Restaurant Down Town , Gold Coast Best BBQ",41.91,-87.64,4.4,Lincoln Yards,2,20
343,Chicago,de Quay Restaurant,41.91,-87.64,4.6,Lincoln Yards,2,20
344,Chicago,Marcellos Father and Son Restaurant,41.91,-87.64,4.1,Lincoln Yards,1,20
345,Chicago,Level Two Restaurant,41.91,-87.64,4.1,Lincoln Yards,2,20
346,Chicago,State Restaurant,41.91,-87.64,4.3,Lincoln Yards,2,20
347,Chicago,Wildfire Chicago,41.91,-87.64,4.4,Lincoln Yards,2,20
348,Chicago,Pars Cove Restaurant,41.91,-87.64,4.4,Lincoln Yards,2,20
349,Chicago,Boka,41.91,-87.64,4.6,Lincoln Yards,3,20
350,Chicago,Frontera Grill,41.91,-87.64,4.4,Lincoln Yards,2,20
351,Chicago,BIG & little's Restaurant,41.91,-87.64,4.5,Lincoln Yards,NAN,20
352,Chicago,TGI Fridays,41.91,-87.64,3.7,Lincoln Yards,2,20
353,Chicago,Bandera,41.91,-87.64,4.4,Lincoln Yards,2,20
354,Chicago,P.F. Chang's,41.91,-87.64,3.9,Lincoln Yards,2,20
355,Chicago,BIG & little's Restaurant,41.91,-87.64,4.6,Lincoln Yards,NAN,20
356,Chicago,Mastro's Steakhouse,41.91,-87.64,4.4,Lincoln Yards,3,20
357,Chicago,Levy Restaurants,41.91,-87.64,5,Lincoln Yards,NAN,20
358,Chicago,Original Hooters,41.91,-87.64,3.8,Lincoln Yards,1,20
359,Chicago,Rainforest Cafe,41.91,-87.64,3.7,Lincoln Yards,2,20
360,Chicago,676 Restaurant & Bar,41.89,-87.64,4.3,The River District,2,20
361,Chicago,Blackbird Restaurant,41.89,-87.64,4.4,The River District,3,20
362,Chicago,Rivers Restaurant,41.89,-87.64,3.9,The River District,3,20
363,Chicago,Morton's The Steakhouse,41.89,-87.64,4.2,The River District,3,20
364,Chicago,RL Restaurant,41.89,-87.64,4.2,The River District,3,20
365,Chicago,Wishbone Restaurant,41.89,-87.64,4.3,The River District,2,20
366,Chicago,Tutto Italiano Restaurant,41.89,-87.64,4,The River District,2,20
367,Chicago,Monteverde Restaurant & Pastificio,41.89,-87.64,4.7,The River District,2,20
368,Chicago,Lockwood Restaurant & Bar,41.89,-87.64,3.9,The River District,3,20
369,Chicago,"Chicago q, Barbecue Restaurant Down Town , Gold Coast Best BBQ",41.89,-87.64,4.4,The River District,2,20
370,Chicago,Next,41.89,-87.64,4.7,The River District,4,20
371,Chicago,The Berghoff Restaurant,41.89,-87.64,4.2,The River District,2,20
372,Chicago,Marcellos Father and Son Restaurant,41.89,-87.64,4.1,The River District,1,20
373,Chicago,Athena Greek Restaurant,41.89,-87.64,4.3,The River District,2,20
374,Chicago,Level Two Restaurant,41.89,-87.64,4.1,The River District,2,20
375,Chicago,Remington's Restaurant,41.89,-87.64,4.4,The River District,3,20
376,Chicago,Wildfire Chicago,41.89,-87.64,4.4,The River District,2,20
377,Chicago,Frontera Grill,41.89,-87.64,4.4,The River District,2,20
378,Chicago,BIG & little's Restaurant,41.89,-87.64,4.5,The River District,NAN,20
379,Chicago,McCormick & Schmick's Seafood & Steaks,41.89,-87.64,4,The River District,2,20
380,Chicago,RL Restaurant,41.88,-87.65,4.2,Futton Market,3,20
381,Chicago,676 Restaurant & Bar,41.88,-87.65,4.3,Futton Market,2,20
382,Chicago,Blackbird Restaurant,41.88,-87.65,4.4,Futton Market,3,20
383,Chicago,Morton's The Steakhouse,41.88,-87.65,4.2,Futton Market,3,20
384,Chicago,Tutto Italiano Restaurant,41.88,-87.65,4,Futton Market,2,20
385,Chicago,Athena Greek Restaurant,41.88,-87.65,4.3,Futton Market,2,20
386,Chicago,Wishbone Restaurant,41.88,-87.65,4.3,Futton Market,2,20
387,Chicago,Italian Village,41.88,-87.65,4.2,Futton Market,2,20
388,Chicago,Monteverde Restaurant & Pastificio,41.88,-87.65,4.7,Futton Market,2,20
389,Chicago,Lockwood Restaurant & Bar,41.88,-87.65,3.9,Futton Market,3,20
390,Chicago,Next,41.88,-87.65,4.7,Futton Market,4,20
391,Chicago,The Berghoff Restaurant,41.88,-87.65,4.2,Futton Market,2,20
392,Chicago,Rivers Restaurant,41.88,-87.65,3.9,Futton Market,3,20
393,Chicago,Level Two Restaurant,41.88,-87.65,4.1,Futton Market,2,20
394,Chicago,Remington's Restaurant,41.88,-87.65,4.4,Futton Market,3,20
395,Chicago,Wildfire Chicago,41.88,-87.65,4.4,Futton Market,2,20
396,Chicago,Frontera Grill,41.88,-87.65,4.4,Futton Market,2,20
397,Chicago,BIG & little's Restaurant,41.88,-87.65,4.5,Futton Market,NAN,20
398,Chicago,McCormick & Schmick's Seafood & Steaks,41.88,-87.65,4,Futton Market,2,20
399,Chicago,Chick-fil-A,41.88,-87.65,2.8,Futton Market,1,20
400,Chicago,Blackbird Restaurant,41.87,-87.63,4.4,City Center Campus,3,20
401,Chicago,Ken Kee Restaurant Hong Kong,41.87,-87.63,3.9,City Center Campus,2,20
402,Chicago,Morton's The Steakhouse,41.87,-87.63,4.2,City Center Campus,3,20
403,Chicago,Tutto Italiano Restaurant,41.87,-87.63,4,City Center Campus,2,20
404,Chicago,Athena Greek Restaurant,41.87,-87.63,4.3,City Center Campus,2,20
405,Chicago,Wishbone Restaurant,41.87,-87.63,4.3,City Center Campus,2,20
406,Chicago,Monteverde Restaurant & Pastificio,41.87,-87.63,4.7,City Center Campus,2,20
407,Chicago,Won Kow Restaurant,41.87,-87.63,4.1,City Center Campus,2,20
408,Chicago,Lockwood Restaurant & Bar,41.87,-87.63,3.9,City Center Campus,3,20
409,Chicago,Next,41.87,-87.63,4.7,City Center Campus,4,20
410,Chicago,The Berghoff Restaurant,41.87,-87.63,4.2,City Center Campus,2,20
411,Chicago,Riva Crab House,41.87,-87.63,3.8,City Center Campus,3,20
412,Chicago,Rivers Restaurant,41.87,-87.63,3.9,City Center Campus,3,20
413,Chicago,Remington's Restaurant,41.87,-87.63,4.4,City Center Campus,3,20
414,Chicago,Ahjoomah's Apron Korean Restaurant,41.87,-87.63,4.3,City Center Campus,NAN,20
415,Chicago,Frontera Grill,41.87,-87.63,4.4,City Center Campus,2,20
416,Chicago,McCormick & Schmick's Seafood & Steaks,41.87,-87.63,4,City Center Campus,2,20
417,Chicago,Chick-fil-A,41.87,-87.63,2.8,City Center Campus,1,20
418,Chicago,P.F. Chang's,41.87,-87.63,3.9,City Center Campus,2,20
419,Chicago,Mastro's Steakhouse,41.87,-87.63,4.4,City Center Campus,3,20
420,Chicago,Blackbird Restaurant,41.87,-87.62,4.4,The Downtown District,3,20
421,Chicago,Ken Kee Restaurant Hong Kong,41.87,-87.62,3.9,The Downtown District,2,20
422,Chicago,Morton's The Steakhouse,41.87,-87.62,4.2,The Downtown District,3,20
423,Chicago,Tutto Italiano Restaurant,41.87,-87.62,4,The Downtown District,2,20
424,Chicago,Athena Greek Restaurant,41.87,-87.62,4.3,The Downtown District,2,20
425,Chicago,Won Kow Restaurant,41.87,-87.62,4.1,The Downtown District,2,20
426,Chicago,Lockwood Restaurant & Bar,41.87,-87.62,3.9,The Downtown District,3,20
427,Chicago,The Berghoff Restaurant,41.87,-87.62,4.2,The Downtown District,2,20
428,Chicago,Riva Crab House,41.87,-87.62,3.8,The Downtown District,3,20
429,Chicago,Remington's Restaurant,41.87,-87.62,4.4,The Downtown District,3,20
430,Chicago,Ahjoomah's Apron Korean Restaurant,41.87,-87.62,4.3,The Downtown District,NAN,20
431,Chicago,Frontera Grill,41.87,-87.62,4.4,The Downtown District,2,20
432,Chicago,McCormick & Schmick's Seafood & Steaks,41.87,-87.62,4,The Downtown District,2,20
433,Chicago,Chick-fil-A,41.87,-87.62,2.8,The Downtown District,1,20
434,Chicago,P.F. Chang's,41.87,-87.62,3.9,The Downtown District,2,20
435,Chicago,Mastro's Steakhouse,41.87,-87.62,4.4,The Downtown District,3,20
436,Chicago,SUBWAY®Restaurants,41.87,-87.62,3.4,The Downtown District,1,20
437,Chicago,SUBWAY®Restaurants,41.87,-87.62,3.2,The Downtown District,1,20
438,Chicago,Levy Restaurants,41.87,-87.62,5,The Downtown District,NAN,20
439,Chicago,Bandera,41.87,-87.62,4.4,The Downtown District,2,20
440,Chicago,Athena Greek Restaurant,41.86,-87.67,4.3,The Illinois Medical District,2,20
441,Chicago,Wishbone Restaurant,41.86,-87.67,4.3,The Illinois Medical District,2,20
442,Chicago,Monteverde Restaurant & Pastificio,41.86,-87.67,4.7,The Illinois Medical District,2,20
443,Chicago,Chick-fil-A,41.86,-87.67,2.8,The Illinois Medical District,1,20
444,Chicago,Panda Express,41.86,-87.67,4.3,The Illinois Medical District,NAN,20
445,Chicago,Chipotle Mexican Grill,41.86,-87.67,4.1,The Illinois Medical District,1,20
446,Chicago,Jason's Deli,41.86,-87.67,4.3,The Illinois Medical District,1,20
447,Chicago,Panda Express,41.86,-87.67,2.8,The Illinois Medical District,1,20
448,Chicago,Chipotle Mexican Grill,41.86,-87.67,4,The Illinois Medical District,1,20
449,Chicago,Panda Express,41.86,-87.67,4,The Illinois Medical District,1,20
450,Chicago,Wingstop,41.86,-87.67,3.8,The Illinois Medical District,1,20
451,Chicago,Au Bon Pain,41.86,-87.67,3.4,The Illinois Medical District,2,20
452,Chicago,Popeyes Louisiana Kitchen,41.86,-87.67,3.3,The Illinois Medical District,1,20
453,Chicago,Popeyes Louisiana Kitchen,41.86,-87.67,3.2,The Illinois Medical District,1,20
454,Chicago,Giordano's,41.86,-87.67,4.3,The Illinois Medical District,2,20
455,Chicago,Au Bon Pain,41.86,-87.67,4,The Illinois Medical District,NAN,20
456,Chicago,Au Bon Pain,41.86,-87.67,4.6,The Illinois Medical District,2,20
457,Chicago,Wingstop,41.86,-87.67,3.2,The Illinois Medical District,1,20
458,Chicago,Wingstop,41.86,-87.67,3.8,The Illinois Medical District,1,20
459,Chicago,Giordano's,41.86,-87.67,4.1,The Illinois Medical District,1,20
460,Chicago,Ken Kee Restaurant Hong Kong,41.85,-87.66,3.9,The 78,2,20
461,Chicago,Won Kow Restaurant,41.85,-87.66,4.1,The 78,2,20
462,Chicago,Ahjoomah's Apron Korean Restaurant,41.85,-87.66,4.3,The 78,NAN,20
463,Chicago,Chick-fil-A,41.85,-87.66,2.8,The 78,1,20
464,Chicago,Panda Express,41.85,-87.66,4.3,The 78,NAN,20
465,Chicago,Jason's Deli,41.85,-87.66,4.3,The 78,1,20
466,Chicago,Chipotle Mexican Grill,41.85,-87.66,4.1,The 78,1,20
467,Chicago,Wingstop,41.85,-87.66,3.8,The 78,1,20
468,Chicago,Panda Express,41.85,-87.66,2.8,The 78,1,20
469,Chicago,Wingstop,41.85,-87.66,3.2,The 78,1,20
470,Chicago,Wingstop,41.85,-87.66,3.8,The 78,1,20
471,Chicago,Giordano's,41.85,-87.66,4.1,The 78,1,20
472,Chicago,Popeyes Louisiana Kitchen,41.85,-87.66,4,The 78,1,20
473,Chicago,Popeyes Louisiana Kitchen,41.85,-87.66,3.8,The 78,1,20
474,Chicago,Noodles and Company,41.85,-87.66,3.5,The 78,2,20
475,Chicago,S.K.Y.,41.85,-87.66,4.6,The 78,3,20
476,Chicago,The Rosebud,41.85,-87.66,4.4,The 78,2,20
477,Chicago,Bacchanalia,41.85,-87.66,4.7,The 78,2,20
478,Chicago,Phoenix Restaurant,41.85,-87.66,4.1,The 78,2,20
479,Chicago,Dolo Restaurant and Bar,41.85,-87.66,4.2,The 78,NAN,20
480,Chicago,Peach's Restaurant,41.83,-87.6,4.2,Burnham Lakefront,NAN,18
481,Chicago,Yassa African Restaurant,41.83,-87.6,4.6,Burnham Lakefront,NAN,18
482,Chicago,Italian Fiesta Pizzeria,41.83,-87.6,3.4,Burnham Lakefront,1,18
483,Chicago,Pearl's Place,41.83,-87.6,4.1,Burnham Lakefront,2,18
484,Chicago,SUBWAY®Restaurants,41.83,-87.6,3,Burnham Lakefront,1,18
485,Chicago,Subway,41.83,-87.6,4.4,Burnham Lakefront,1,18
486,Chicago,Culver's,41.83,-87.6,4.1,Burnham Lakefront,NAN,18
487,Chicago,Popeyes Louisiana Kitchen,41.83,-87.6,2.7,Burnham Lakefront,1,18
488,Chicago,Popeyes Louisiana Kitchen,41.83,-87.6,2.9,Burnham Lakefront,1,18
489,Chicago,270 Degrees Restaurant,41.83,-87.6,NAN,Burnham Lakefront,NAN,18
490,Chicago,Truth Italian Restaurant,41.83,-87.6,4.2,Burnham Lakefront,2,18
491,Chicago,SUBWAY®Restaurants,41.83,-87.6,3.6,Burnham Lakefront,1,18
492,Chicago,Won Kow Restaurant,41.83,-87.6,4.1,Burnham Lakefront,2,18
493,Chicago,Evergreen Restaurant,41.83,-87.6,4.2,Burnham Lakefront,2,18
494,Chicago,Ma Gong La Po Restaurant,41.83,-87.6,3.5,Burnham Lakefront,NAN,18
495,Chicago,Lake Shore Cafe,41.83,-87.6,4.2,Burnham Lakefront,2,18
496,Chicago,Seven Treasures Cantonese Restaurant,41.83,-87.6,4.2,Burnham Lakefront,2,18
497,Chicago,Three Happiness Restaurant,41.83,-87.6,4,Burnham Lakefront,2,18
498,Raleigh,Tandoor Indian Restaurant,35.9,-78.87,3.7,Research Triangle Park,2,20
499,Raleigh,El Dorado Mexican Restaurant,35.9,-78.87,4.2,Research Triangle Park,1,20
500,Raleigh,Mez Contemporary Mexican,35.9,-78.87,4.1,Research Triangle Park,2,20
501,Raleigh,Golden Corral,35.9,-78.87,4,Research Triangle Park,1,20
502,Raleigh,Page Road Grill,35.9,-78.87,4.3,Research Triangle Park,NAN,20
503,Raleigh,Cilantro Grill,35.9,-78.87,3,Research Triangle Park,2,20
504,Raleigh,Arby's,35.9,-78.87,4,Research Triangle Park,1,20
505,Raleigh,Arby's,35.9,-78.87,3.8,Research Triangle Park,1,20
506,Raleigh,Hardee's,35.9,-78.87,2.9,Research Triangle Park,1,20
507,Raleigh,Chick-fil-A,35.9,-78.87,4.4,Research Triangle Park,1,20
508,Raleigh,Backyard BBQ Pit,35.9,-78.87,4.5,Research Triangle Park,2,20
509,Raleigh,Vit Goal Tofu Restaurant,35.9,-78.87,4.4,Research Triangle Park,NAN,20
510,Raleigh,Baba Ghannouj Restaurant & Catering,35.9,-78.87,4.4,Research Triangle Park,NAN,20
511,Raleigh,Benetis Restaurant,35.9,-78.87,4.5,Research Triangle Park,2,20
512,Raleigh,Newton's Restaurant & Lounge,35.9,-78.87,4,Research Triangle Park,NAN,20
513,Raleigh,Humble Pie Restaurant,35.9,-78.87,NAN,Research Triangle Park,NAN,20
514,Raleigh,Serena Sicilian Influenced Gastropub,35.9,-78.87,3.7,Research Triangle Park,NAN,20
515,Raleigh,SUBWAY®Restaurants,35.9,-78.87,3.9,Research Triangle Park,1,20
516,Raleigh,Brigs at the Park Restaurant,35.9,-78.87,4.5,Research Triangle Park,2,20
517,Raleigh,Pho 9N9 Vietnamese Restaurant,35.9,-78.87,3.6,Research Triangle Park,2,20
518,Raleigh,Panda Garden,35.85,-79.08,3.6,Chatham Park,2,6
519,Raleigh,Guanajuato Mexican Restaurant,35.85,-79.08,4.3,Chatham Park,NAN,6
520,Raleigh,Moon Asian Bistro,35.85,-79.08,4.2,Chatham Park,NAN,6
521,Raleigh,SUBWAY®Restaurants,35.85,-79.08,4,Chatham Park,1,6
522,Raleigh,Subway,35.85,-79.08,3,Chatham Park,1,6
523,Raleigh,SUBWAY®Restaurants,35.85,-79.08,2.1,Chatham Park,1,6
524,Raleigh,Second Empire Restaurant and Tavern,35.77,-78.64,4.6,Warehouse District,3,20
525,Raleigh,Five Star Restaurant,35.77,-78.64,4.4,Warehouse District,2,20
526,Raleigh,Mecca Restaurant,35.77,-78.64,4.1,Warehouse District,2,20
527,Raleigh,Side Street Restaurant,35.77,-78.64,4.5,Warehouse District,1,20
528,Raleigh,Bida Manda Laotian Restaurant and Bar,35.77,-78.64,4.7,Warehouse District,2,20
529,Raleigh,State Farmers Market Restaurant,35.77,-78.64,4.4,Warehouse District,1,20
530,Raleigh,Tuscan Blu Italian Restaurant,35.77,-78.64,3.8,Warehouse District,2,20
531,Raleigh,Parkside Restaurant,35.77,-78.64,4.5,Warehouse District,1,20
532,Raleigh,Moe's Southwest Grill,35.77,-78.64,2.7,Warehouse District,1,20
533,Raleigh,Chick-fil-A,35.77,-78.64,4,Warehouse District,1,20
534,Raleigh,McDonald's,35.77,-78.64,2.8,Warehouse District,1,20
535,Raleigh,Tupelo Honey,35.77,-78.64,4.2,Warehouse District,2,20
536,Raleigh,Chipotle Mexican Grill,35.77,-78.64,4.3,Warehouse District,1,20
537,Raleigh,Chick-fil-A,35.77,-78.64,4.2,Warehouse District,1,20
538,Raleigh,Donatos Pizza,35.77,-78.64,4.2,Warehouse District,1,20
539,Raleigh,Mellow Mushroom,35.77,-78.64,4.4,Warehouse District,NAN,20
540,Raleigh,Church's Chicken,35.77,-78.64,3.8,Warehouse District,1,20
541,Raleigh,Jasmin Mediterranean Bistro,35.77,-78.64,4.4,Warehouse District,2,20
542,Raleigh,Brewery Bhavana,35.77,-78.64,4.6,Warehouse District,1,20
543,Raleigh,Poole's,35.77,-78.64,4.4,Warehouse District,3,20
544,Atlanta,Fifth Group Restaurants,33.7615,-84.3856,3.5,Downtown Atlanta,NAN,20
545,Atlanta,Georgia Restaurant Association,33.7615,-84.3856,NAN,Downtown Atlanta,NAN,20
546,Atlanta,Escobar Restaurant & Tapas,33.7615,-84.3856,3.4,Downtown Atlanta,NAN,20
547,Atlanta,Livingston,33.7615,-84.3856,3.9,Downtown Atlanta,NAN,20
548,Atlanta,Paschal's Restaurant,33.7615,-84.3856,3.8,Downtown Atlanta,2,20
549,Atlanta,Serpas,33.7615,-84.3856,4.5,Downtown Atlanta,2,20
550,Atlanta,Jamrock Restaurant,33.7615,-84.3856,4.3,Downtown Atlanta,2,20
551,Atlanta,Agave Restaurant,33.7615,-84.3856,4.4,Downtown Atlanta,2,20
552,Atlanta,BQE Restaurant & Lounge,33.7615,-84.3856,3.9,Downtown Atlanta,NAN,20
553,Atlanta,Simon's Restaurant,33.7615,-84.3856,4.1,Downtown Atlanta,2,20
554,Atlanta,Dugan's Restaurant,33.7615,-84.3856,4,Downtown Atlanta,NAN,20
555,Atlanta,W. H. Stiles Fish Camp,33.7615,-84.3856,4.3,Downtown Atlanta,2,20
556,Atlanta,The Optimist,33.7615,-84.3856,4.6,Downtown Atlanta,3,20
557,Atlanta,SUBWAY®Restaurants,33.7615,-84.3856,3.1,Downtown Atlanta,1,20
558,Atlanta,SUBWAY®Restaurants,33.7615,-84.3856,3,Downtown Atlanta,1,20
559,Atlanta,Popeyes Louisiana Kitchen,33.7615,-84.3856,3.5,Downtown Atlanta,1,20
560,Atlanta,The Melting Pot,33.7615,-84.3856,4.3,Downtown Atlanta,2,20
561,Atlanta,Levy Restaurants at the Georgia World Congress Center,33.7615,-84.3856,3.4,Downtown Atlanta,NAN,20
562,Atlanta,Moe's Southwest Grill,33.7615,-84.3856,3.3,Downtown Atlanta,1,20
563,Atlanta,Six Feet Under Pub & Fish House,33.7615,-84.3856,4.3,Downtown Atlanta,NAN,20
564,Atlanta,The Avenue Restaurant At The Waters Hotel,34.5129,-93.0431,4.5,Midtown,NAN,20
565,Atlanta,Via Roma Italian Restaurant,34.5129,-93.0431,4.2,Midtown,2,20
566,Atlanta,Rolando's Restaurante,34.5129,-93.0431,4.2,Midtown,2,20
567,Atlanta,Angels Italian Restaurant,34.5129,-93.0431,3.5,Midtown,NAN,20
568,Atlanta,Sam's Southern Eatery,34.5129,-93.0431,4.4,Midtown,NAN,20
569,Atlanta,Popeyes Louisiana Kitchen,34.5129,-93.0431,4,Midtown,1,20
570,Atlanta,Hardee's,34.5129,-93.0431,3.1,Midtown,1,20
571,Atlanta,Sonic Drive-In,34.5129,-93.0431,3.6,Midtown,1,20
572,Atlanta,Burger King,34.5129,-93.0431,3.7,Midtown,1,20
573,Atlanta,Dairy Queen,34.5129,-93.0431,3.8,Midtown,1,20
574,Atlanta,Steinhaus Keller,34.5129,-93.0431,4.3,Midtown,NAN,20
575,Atlanta,Bubbalu's,34.5129,-93.0431,3.8,Midtown,1,20
576,Atlanta,Belle Arti,34.5129,-93.0431,3.9,Midtown,3,20
577,Atlanta,Picante's Mexican Grill,34.5129,-93.0431,3.9,Midtown,2,20
578,Atlanta,Angels In the Park featuring Chef Rosario,34.5129,-93.0431,4.4,Midtown,NAN,20
579,Atlanta,Colorado Grill,34.5129,-93.0431,4.4,Midtown,NAN,20
580,Atlanta,Taco Bell,34.5129,-93.0431,3.4,Midtown,1,20
581,Atlanta,Taco Mama,34.5129,-93.0431,4.3,Midtown,NAN,20
582,Atlanta,McDonald's,34.5129,-93.0431,3.3,Midtown,1,20
583,Atlanta,La Bodeguita,34.5129,-93.0431,4.4,Midtown,NAN,20
584,Atlanta,A-Priori Bar & Restaurant,33.904,-84.2843,4.8,Former GM plant,2,20
585,Atlanta,La Casona Colombian Restaurant,33.904,-84.2843,4.2,Former GM plant,1,20
586,Atlanta,Yen Jing Chinese Restaurant,33.904,-84.2843,4.2,Former GM plant,2,20
587,Atlanta,Al-Amin Supermarket & Restaurant,33.904,-84.2843,4.1,Former GM plant,NAN,20
588,Atlanta,Baldinos Giant Jersey Subs,33.904,-84.2843,4.6,Former GM plant,2,20
589,Atlanta,Monterrey Mexican Restaurant,33.904,-84.2843,4.3,Former GM plant,1,20
590,Atlanta,IHOP,33.904,-84.2843,3.4,Former GM plant,1,20
591,Atlanta,Wingstop,33.904,-84.2843,3.6,Former GM plant,1,20
592,Atlanta,Checkers,33.904,-84.2843,3.4,Former GM plant,1,20
593,Atlanta,Arby's,33.904,-84.2843,4,Former GM plant,1,20
594,Atlanta,Five Guys,33.904,-84.2843,4.4,Former GM plant,2,20
595,Atlanta,Zaxby's Chicken Fingers & Buffalo Wings,33.904,-84.2843,3.8,Former GM plant,1,20
596,Atlanta,Chick-fil-A,33.904,-84.2843,4,Former GM plant,1,20
597,Atlanta,Ming's BBQ,33.904,-84.2843,3.8,Former GM plant,2,20
598,Atlanta,El Taco Veloz,33.904,-84.2843,4.4,Former GM plant,1,20
599,Atlanta,Coaxum's,33.904,-84.2843,3.2,Former GM plant,NAN,20
600,Atlanta,Church's Chicken,33.904,-84.2843,3.6,Former GM plant,1,20
601,Atlanta,Shoya Izakaya,33.904,-84.2843,4.6,Former GM plant,3,20
602,Atlanta,Burger King,33.904,-84.2843,3.3,Former GM plant,1,20
603,Atlanta,Shaking Crawfish,33.904,-84.2843,3.7,Former GM plant,NAN,20
604,Atlanta,Zafron Restaurant,33.9133,-84.3888,4.3,The High Street Site,3,20
605,Atlanta,Cafe Sunflower Sandy Springs,33.9133,-84.3888,4.4,The High Street Site,2,20
606,Atlanta,JINYA Ramen Bar,33.9133,-84.3888,4.6,The High Street Site,2,20
607,Atlanta,Taziki's Mediterranean Cafe,33.9133,-84.3888,4.3,The High Street Site,NAN,20
608,Atlanta,Moe's Southwest Grill,33.9133,-84.3888,3.8,The High Street Site,1,20
609,Atlanta,Chipotle Mexican Grill,33.9133,-84.3888,3.3,The High Street Site,1,20
610,Atlanta,IHOP,33.9133,-84.3888,3.8,The High Street Site,1,20
611,Atlanta,Zoës Kitchen,33.9133,-84.3888,4.5,The High Street Site,NAN,20
612,Atlanta,Chick-fil-A,33.9133,-84.3888,3.9,The High Street Site,1,20
613,Atlanta,Five Guys,33.9133,-84.3888,4.1,The High Street Site,1,20
614,Atlanta,Panda Express,33.9133,-84.3888,3.8,The High Street Site,1,20
615,Atlanta,Barberitos Southwestern Grille and Cantina,33.9133,-84.3888,3.1,The High Street Site,NAN,20
616,Atlanta,El Taco Veloz,33.9133,-84.3888,4.2,The High Street Site,NAN,20
617,Atlanta,Kaiser's Chophouse,33.9133,-84.3888,4.5,The High Street Site,3,20
618,Atlanta,El Azteca,33.9133,-84.3888,3.6,The High Street Site,2,20
619,Atlanta,Chef Rob's Caribbean Cafe & Upscale Lounge,33.9133,-84.3888,3.8,The High Street Site,NAN,20
620,Atlanta,Under The Cork Tree,33.9133,-84.3888,4.5,The High Street Site,3,20
621,Atlanta,Brooklyn Cafe,33.9133,-84.3888,4.6,The High Street Site,1,20
622,Atlanta,Rumi's Kitchen,33.9133,-84.3888,4.5,The High Street Site,2,20
623,Atlanta,Restaurants Consulting Group,33.9133,-84.3888,2,The High Street Site,NAN,20
624,Austin,Jeffrey's,30.2586,-97.7444,4.3,American-Statesman ,3,20
625,Austin,TRIO Restaurant,30.2586,-97.7444,4.3,American-Statesman ,3,20
626,Austin,Wink,30.2586,-97.7444,4.3,American-Statesman ,3,20
627,Austin,Polvo's Mexican Restaurant,30.2586,-97.7444,4.1,American-Statesman ,2,20
628,Austin,Uchi,30.2586,-97.7444,4.6,American-Statesman ,3,20
629,Austin,Baby Acapulco,30.2586,-97.7444,3.8,American-Statesman ,2,20
630,Austin,Caroline Restaurant,30.2586,-97.7444,4,American-Statesman ,2,20
631,Austin,P.F. Chang's,30.2586,-97.7444,4,American-Statesman ,2,20
632,Austin,Gloria's Latin Cuisine,30.2586,-97.7444,4.4,American-Statesman ,2,20
633,Austin,Eddie V's Prime Seafood,30.2586,-97.7444,4.6,American-Statesman ,3,20
634,Austin,Wilder Wood Restaurant and Bar,30.2586,-97.7444,4.2,American-Statesman ,2,20
635,Austin,Snooze an A.M. Eatery,30.2586,-97.7444,4.5,American-Statesman ,2,20
636,Austin,Roaring Fork,30.2586,-97.7444,4.2,American-Statesman ,3,20
637,Austin,Chuy's,30.2586,-97.7444,4.2,American-Statesman ,2,20
638,Austin,SUBWAY®Restaurants,30.2586,-97.7444,3.4,American-Statesman ,1,20
639,Austin,Chipotle,30.2586,-97.7444,4,American-Statesman ,1,20
640,Austin,Chi'Lantro,30.2586,-97.7444,4.4,American-Statesman ,1,20
641,Austin,Chuy's Restaurants Home Office,30.2586,-97.7444,4.4,American-Statesman ,NAN,20
642,Austin,Hooters,30.2586,-97.7444,3.1,American-Statesman ,1,20
643,Austin,Threadgill's,30.2586,-97.7444,3.7,American-Statesman ,2,20
644,Austin,SUBWAY®Restaurants,30.2714,-97.6647,4.1,Eightfold,1,1
645,Austin,Chuy's,30.199,-97.8276,4.4,Former 3M site,NAN,20
646,Austin,Casa Garcia's,30.199,-97.8276,4.2,Former 3M site,2,20
647,Austin,Cafe Malta,30.199,-97.8276,4.3,Former 3M site,2,20
648,Austin,Hao Hao Restaurant,30.199,-97.8276,4.1,Former 3M site,2,20
649,Austin,Culver's,30.199,-97.8276,4.1,Former 3M site,1,20
650,Austin,Taco Cabana,30.199,-97.8276,3.1,Former 3M site,1,20
651,Austin,Whataburger,30.199,-97.8276,3.7,Former 3M site,1,20
652,Austin,Whataburger,30.199,-97.8276,4.1,Former 3M site,1,20
653,Austin,Sonic Drive-In,30.199,-97.8276,3.6,Former 3M site,1,20
654,Austin,Five Guys,30.199,-97.8276,4.2,Former 3M site,1,20
655,Austin,La Familia Mexican Restaurant,30.199,-97.8276,4,Former 3M site,2,20
656,Austin,La Posada,30.199,-97.8276,4.3,Former 3M site,2,20
657,Austin,Casa Arandinas Mexican Restaurant,30.199,-97.8276,5,Former 3M site,NAN,20
658,Austin,SUBWAY RESTAURANT,30.199,-97.8276,4.1,Former 3M site,NAN,20
659,Austin,Panda Express,30.199,-97.8276,3.3,Former 3M site,1,20
660,Austin,Sonic Drive-In,30.199,-97.8276,3.7,Former 3M site,1,20
661,Austin,Flores Mexican Restaurant,30.199,-97.8276,4.2,Former 3M site,NAN,20
662,Austin,Taco Cabana,30.199,-97.8276,3.2,Former 3M site,1,20
663,Austin,Popeyes Louisiana Kitchen,30.199,-97.8276,4,Former 3M site,1,20
664,Austin,SUBWAY®Restaurants,30.199,-97.8276,2.4,Former 3M site,1,20
665,Austin,Copper Restaurant & Dessert Lounge,30.4015,-97.7268,4.1,The Domain,2,20
666,Austin,BJ's Restaurant & Brewhouse,30.4015,-97.7268,4,The Domain,2,20
667,Austin,North Italia,30.4015,-97.7268,4.2,The Domain,2,20
668,Austin,BRIO Tuscan Grille,30.4015,-97.7268,4.1,The Domain,NAN,20
669,Austin,JINYA Ramen Bar,30.4015,-97.7268,4.2,The Domain,2,20
670,Austin,P.F. Chang's,30.4015,-97.7268,4.1,The Domain,2,20
671,Austin,Buca di Beppo Italian Restaurant,30.4015,-97.7268,3.9,The Domain,2,20
672,Austin,Carrabba's Italian Grill,30.4015,-97.7268,4,The Domain,1,20
673,Austin,Jack In The Box,30.4015,-97.7268,3.5,The Domain,1,20
674,Austin,Culver's,30.4015,-97.7268,4.4,The Domain,1,20
675,Austin,Z'Tejas Mexican Restaurant and Grill,30.4015,-97.7268,4.1,The Domain,2,20
676,Austin,Roaring Fork,30.4015,-97.7268,4.4,The Domain,NAN,20
677,Austin,Pappadeaux Seafood Kitchen,30.4015,-97.7268,4.4,The Domain,NAN,20
678,Austin,California Pizza Kitchen at The Domain,30.4015,-97.7268,3.9,The Domain,2,20
679,Austin,Manuel's,30.4015,-97.7268,3.9,The Domain,2,20
680,Austin,Zoës Kitchen,30.4015,-97.7268,3.7,The Domain,NAN,20
681,Austin,Eddie V's Prime Seafood,30.4015,-97.7268,4.6,The Domain,3,20
682,Austin,Chuy's,30.4015,-97.7268,4.3,The Domain,2,20
683,Austin,Jason's Deli,30.4015,-97.7268,4.1,The Domain,2,20
684,Austin,The Cheesecake Factory,30.4015,-97.7268,3.9,The Domain,2,20
685,Austin,Copper Restaurant & Dessert Lounge,30.4014,-97.7147,4.1,Bardmoor Campus,2,20
686,Austin,BJ's Restaurant & Brewhouse,30.4014,-97.7147,4,Bardmoor Campus,2,20
687,Austin,North Italia,30.4014,-97.7147,4.2,Bardmoor Campus,2,20
688,Austin,Buca di Beppo Italian Restaurant,30.4014,-97.7147,3.9,Bardmoor Campus,2,20
689,Austin,Roaring Fork,30.4014,-97.7147,4.4,Bardmoor Campus,NAN,20
690,Austin,California Pizza Kitchen at The Domain,30.4014,-97.7147,3.9,Bardmoor Campus,2,20
691,Austin,Wingstop,30.4014,-97.7147,3.6,Bardmoor Campus,1,20
692,Austin,Jack In The Box,30.4014,-97.7147,3.5,Bardmoor Campus,1,20
693,Austin,Culver's,30.4014,-97.7147,4.4,Bardmoor Campus,1,20
694,Austin,Taco Cabana,30.4014,-97.7147,3.2,Bardmoor Campus,1,20
695,Austin,Shake Shack - The Domain,30.4014,-97.7147,3.9,Bardmoor Campus,1,20
696,Austin,Flower Child,30.4014,-97.7147,4.6,Bardmoor Campus,2,20
697,Austin,Gloria's Latin Cuisine,30.4014,-97.7147,4.2,Bardmoor Campus,2,20
698,Austin,Panda Express,30.4014,-97.7147,3.7,Bardmoor Campus,1,20
699,Austin,Chipotle Mexican Grill,30.4014,-97.7147,4,Bardmoor Campus,1,20
700,Austin,Chi'lantro,30.4014,-97.7147,4.2,Bardmoor Campus,1,20
701,Austin,Sonic Drive-In,30.4014,-97.7147,3.6,Bardmoor Campus,1,20
702,Austin,Wienerschnitzel,30.4014,-97.7147,4.1,Bardmoor Campus,1,20
703,Austin,Sam's Boat,30.4014,-97.7147,3.9,Bardmoor Campus,NAN,20
704,Austin,Chick-fil-A,30.4014,-97.7147,4.3,Bardmoor Campus,1,20
705,Austin,Pacific Star Restaurant & Oyster Bar - Austin,30.4704,-97.7701,4,Robinson Ranch,2,18
706,Austin,Vazquez Restaurant,30.4704,-97.7701,4,Robinson Ranch,2,18
707,Austin,Jason's Deli,30.4704,-97.7701,4.1,Robinson Ranch,2,18
708,Austin,Wingstop,30.4704,-97.7701,2.3,Robinson Ranch,1,18
709,Austin,Arby's,30.4704,-97.7701,4.5,Robinson Ranch,NAN,18
710,Austin,IHOP,30.4704,-97.7701,3.7,Robinson Ranch,1,18
711,Austin,Whataburger,30.4704,-97.7701,4,Robinson Ranch,1,18
712,Austin,Sonic Drive-In,30.4704,-97.7701,2.6,Robinson Ranch,1,18
713,Austin,KFC,30.4704,-97.7701,3.2,Robinson Ranch,1,18
714,Austin,Church's Chicken,30.4704,-97.7701,2.6,Robinson Ranch,1,18
715,Austin,Chick-fil-A,30.4704,-97.7701,4.4,Robinson Ranch,1,18
716,Austin,Osaka Mansun Restaurant,30.4704,-97.7701,4.5,Robinson Ranch,2,18
717,Austin,Midori Sushi,30.4704,-97.7701,4.3,Robinson Ranch,3,18
718,Austin,SUBWAY®Restaurants,30.4704,-97.7701,2.8,Robinson Ranch,1,18
719,Austin,SUBWAY®Restaurants,30.4704,-97.7701,3.8,Robinson Ranch,1,18
720,Austin,Nanking Restaurant,30.4704,-97.7701,4.2,Robinson Ranch,2,18
721,Austin,First Watch - Walden,30.4704,-97.7701,3.5,Robinson Ranch,NAN,18
722,Austin,Jardin Corona,30.4704,-97.7701,4.3,Robinson Ranch,1,18
723,Austin,Meches Mexican Restaurant,30.1338,-97.6411,4.5,Project Catalyst,NAN,1